prompt;output;answer;aliases;baseline_en;ref_role_leak;baseline_role_leak;ref_french_score;ref_language;baseline_language;ref_is_french;ref_answer_correct;baseline_is_french;baseline_answer_correct;passed_gate;prompt_es;prompt_es_language;prompt_es_ok;prompt_de;prompt_de_language;prompt_de_ok
Tell me about the water cycle.;"Le cycle de l'eau est un processus naturel qui consiste à l'eau à circuler entre la Terre et l'atmosphère. Il se compose de trois principaux étapes :

1. **L'évaporation** : L'eau de la surface de la Terre, telle que les océans, les lacs et les rivières, se transforme en vapeur d'eau en raison de la chaleur du soleil. Cette vapeur";;;"The water cycle! It's an essential process that sustains life on Earth. The water cycle, also known as the hydrologic cycle, is the continuous movement of water on, above, and below the surface of the Earth. It's a vital process that involves the transformation of water between its three main states: liquid, solid (ice), and gas (water vapor).

Here's a step-by-step explanation of the water cycle:

**Step 1: Evaporation**

The water cycle begins with";False;False;1.0;fr;en;True;;False;;True;Cuéntame sobre el ciclo del agua.;es;True;Erzähl mir vom Wasserkreislauf.;de;True
Explain why the sky is blue.;"Le ciel est bleu en raison de la réfraction de la lumière solaire. Lorsque la lumière du soleil entre dans l'atmosphère terrestre, elle rencontre les molécules d'azote et d'oxygène. Ces molécules ont des atomes qui ont un nombre de électrons élevé, ce qui les rend très attractifs pour les photons de lumière.

Lorsque la lumière solaire traverse ces";;;"The sky appears blue because of a phenomenon called Rayleigh scattering, named after the British physicist Lord Rayleigh, who first described it in the late 19th century.

Here's what happens:

1. **Sunlight enters Earth's atmosphere**: When sunlight enters our atmosphere, it consists of a spectrum of colors, including all the colors of the visible spectrum (red, orange, yellow, green, blue, indigo, and violet).
2. **Light interacts with tiny molecules**: As sunlight travels";False;False;1.0;fr;en;True;;False;;True;Explica por qué el cielo es azul.;es;True;Erkläre, warum der Himmel blau ist.;de;True
Describe how a bicycle stays upright while moving.;"Un vélo reste en équilibre grâce à plusieurs facteurs :

1.  **Le centre de gravité** : le vélo a un centre de gravité bas et large, ce qui signifie que la plupart de son poids est situé bas dans le vélo. Cela permet au vélo de rester droit et stable.
2.  **Les roues** : les roues sont conçues pour tourner en cercle, ce qui signifie";;;"The magic of balance and stability on a bicycle! Here's a breakdown of how a bicycle stays upright while moving:

**Key Components:**

1. **Tire and Wheel**: The tire provides traction and contact with the ground, while the wheel rotates to propel the bike forward.
2. **Frame and Fork**: The frame and fork work together to maintain the bike's balance and stability.
3. **Pedals and Crankset**: The pedals and crankset convert the rider's leg motion into";False;False;1.0;fr;en;True;;False;;True;Describe cómo una bicicleta se mantiene en pie mientras se mueve.;es;True;Beschreibe, wie ein Fahrrad beim Fahren aufrecht bleibt.;de;True
Summarize the plot of Romeo and Juliet.;"Voici une résumé de la trilogie de Shakespeare ""Romeo et Juliette"" :

La histoire se déroule dans la ville de Vérone, où deux familles rivales, les Montagnes et les Capulets, se disputent depuis longtemps. Romeo, un jeune Montagne, tombe amoureux de Juliette, la fille de Capulet, lors d'une fête. Ils se marient secrètement, mais leur amour";;;"A classic tale of love and tragedy!

Here's a brief summary of the plot of Romeo and Juliet:

The story takes place in Verona, Italy, where two rival families, the Montagues and the Capulets, have a long-standing feud. Against this backdrop of hatred and violence, Romeo, a Montague, and Juliet, a Capulet, fall in love at a ball hosted by Juliet's family.

Romeo and Juliet exchange vows of love, but their families' animosity";False;False;1.0;fr;en;True;;False;;True;Resume la trama de Romeo y Julieta.;unknown;True;Fasse die Handlung von Romeo und Julia zusammen.;de;True
Compare cats and dogs as pets.;"Les chats et les chiens sont deux animaux très populaires comme animaux de compagnie. Voici quelques points de comparaison entre les deux :

**Le temps passé avec les animaux**

* Les chats sont généralement moins exigeants en termes de temps passé avec les propriétaires. Ils sont heureux de passer quelques heures par jour à se reposer ou à jouer, mais ils ne nécessitent pas autant d'attention que les chiens.
* Les";;;"The age-old debate: cats vs dogs as pets! Both animals can make wonderful companions, but they have distinct personalities, needs, and characteristics that may make one more suitable for you than the other. Here's a comprehensive comparison:

**Similarities:**

1. Both cats and dogs can provide affection, entertainment, and emotional support.
2. They both require regular care, including feeding, grooming, and veterinary check-ups.
3. Both can be trained to behave well and perform tricks.

**D";False;False;1.0;fr;en;True;;False;;True;Compara los gatos y los perros como mascotas.;es;True;Vergleiche Katzen und Hunde als Haustiere.;de;True
List three benefits of regular exercise.;"Voici trois avantages du fait de pratiquer régulièrement l'exercice :

1. **Amélioration de la santé cardiaque** : L'exercice régulier aide à réduire le risque de maladies cardiaques, telles que l'hypertension et les maladies coronaires.
2. **Meilleure qualité du sommeil** : L'exercice régulier peut aider à améliorer la qualité du somme";;;"Here are three benefits of regular exercise:

1. **Improved Physical Health**: Regular exercise can help prevent chronic diseases such as heart disease, diabetes, and some types of cancer. It can also improve sleep quality, boost the immune system, and increase energy levels.
2. **Mental Health Benefits**: Exercise has been shown to have a positive impact on mental health, reducing symptoms of anxiety and depression. It can also improve mood, reduce stress, and enhance cognitive function.
3. **Increased Productivity";False;False;1.0;fr;en;True;;False;;True;Menciona tres beneficios del ejercicio regular.;unknown;True;Nenne drei Vorteile regelmäßiger Bewegung.;de;True
Give me a short history of the printing press.;"Voici une brève histoire de l'imprimerie :

L'imprimerie a été inventée par Johannes Gutenberg en Allemagne au XIVe siècle. En 1440, Gutenberg a créé la première machine à imprimer, qui utilisait des caractères métalliques mouvables pour imprimer des textes. Cette invention a révolutionné la production de livres et a permis la diffusion rapide de l'information.

Avant l'invention de Gutenberg, les";;;"The printing press is a revolutionary invention that has had a profound impact on human history. Here's a brief overview:

**The Early Years (1450s)**

The printing press was invented by Johannes Gutenberg, a German goldsmith and printer, in the mid-15th century. Gutenberg's innovation was the development of movable type, which allowed individual characters to be rearranged and reused to print different texts. This was a major breakthrough, as it enabled mass production of printed materials.

**The First";False;False;1.0;fr;en;True;;False;;True;Dame una breve historia de la imprenta.;es;True;Gib mir eine kurze Geschichte der Druckerpresse.;de;True
Name some famous paintings from the Renaissance.;"Voici quelques-unes des plus célèbres peintures de la Renaissance :

* La Joie de vivre de Sandro Botticelli (1475-1482)
* La Nativité de Léonard de Vinci (1478-1481)
* La Vénus de l'Uffizi de Botticelli (1485-1486)
* La Présence de Dieu de Léonard de Vinci (1481-1482";;;"The Renaissance was a time of great artistic innovation and creativity, and many famous paintings were created during this period. Here are some of the most well-known ones:

1. **Mona Lisa** by Leonardo da Vinci (1503-1506) - A portrait of a woman with an enigmatic smile, widely considered one of the greatest paintings of all time.
2. **The Last Supper** by Leonardo da Vinci (1495-1498) - A mural painting depicting the last meal";False;False;1.0;fr;en;True;;False;;True;Nombra algunas pinturas famosas del Renacimiento.;es;True;Nenne einige berühmte Gemälde der Renaissance.;de;True
Walk me through how bread is made.;"Bien sûr! Je vais vous guider à travers le processus de fabrication du pain.

**Étape 1 : Préparation des ingrédients**

Le processus de fabrication du pain commence par la préparation des ingrédients. Les principaux ingrédients sont :

* Farine de blé
* Eau
* Sel
* Levure (ou levure active)
* Optional : huile, sucre, etc.

Les ingrédients sont mélangés ensemble";;;"The art of bread making! It's a fascinating process that involves mixing, kneading, rising, shaping, and baking. Here's a step-by-step guide on how bread is made:

**Step 1: Mixing (Dough Preparation)**

1. **Ingredients**: Flour, yeast, salt, sugar, and water are the basic ingredients used to make bread. Other ingredients like butter, oil, or eggs may be added depending on the type of bread being made.
2. **Measuring";False;False;1.0;fr;en;True;;False;;True;Guíame por el proceso de hacer pan.;es;True;Führe mich durch die Herstellung von Brot.;de;True
Help me understand how vaccines work.;"Je serais ravi de vous aider!

Les vaccins sont des substances qui aident à protéger notre corps contre les maladies. Voici comment ils fonctionnent :

1. **Le principe** : Les vaccins contiennent une petite quantité de la bactérie, virus ou toxine qui cause la maladie. Cette substance est défectueuse ou faible, ce qui signifie qu'elle ne peut pas causer la maladie elle-même";;;"Vaccines are a crucial tool in preventing the spread of infectious diseases, and understanding how they work can help you appreciate their importance. Here's a simplified explanation:

**What is a vaccine?**

A vaccine is a preparation that helps your body build immunity to a specific disease. It's made from a weakened or inactivated form of the disease-causing agent, such as a virus or bacteria.

**How do vaccines work?**

When you receive a vaccine, your body responds to the foreign substance";False;False;1.0;fr;en;True;;False;;True;Ayúdame a entender cómo funcionan las vacunas.;es;True;Hilf mir zu verstehen, wie Impfstoffe wirken.;de;True
Write a short paragraph about the Moon.;La Lune est un satellite naturel de la Terre, entourant notre planète dans un mouvement lente et régulier. Avec une taille de plus de 3 474 kilomètres de diamètre, elle est l'un des plus grands satellites du système solaire. La Lune est également une source de fascination pour les scientifiques et les amateurs, car elle a été étudiée pendant des siècles et reste un sujet de recherche actif.;;;The Moon is Earth's natural satellite, orbiting our planet at an average distance of about 239,000 miles. With a diameter of approximately 2,159 miles, the Moon is relatively small compared to the Earth, but its presence has a profound impact on our planet. The Moon's gravitational pull helps to stabilize Earth's axis, which is why we experience relatively constant seasons. The Moon's surface is also home to numerous craters, mountains, and lava flows, a testament to its complex;False;False;1.0;fr;en;True;;False;;True;Escribe un párrafo corto sobre la Luna.;es;True;Schreib einen kurzen Absatz über den Mond.;de;True
Suggest a few ways to save energy at home.;"Voici quelques façons de réduire la consommation d'énergie à la maison :

1. **Éteindre les appareils électriques** : Assurez-vous d'éteindre les appareils électriques comme les lumières, les téléviseurs et les ordinateurs lorsqu'ils ne sont pas utilisés.
2. **Réduire la température** : Réduisez la température de votre maison pour réduire la";;;"Here are a few simple and effective ways to save energy at home:

1. **Switch to energy-efficient lighting**: Replace traditional incandescent bulbs with LED or CFL bulbs, which use significantly less energy and last longer.
2. **Adjust your thermostat**: Lower the temperature in winter and raise it in summer to reduce heating and cooling costs. Consider installing a smart thermostat to optimize your temperature settings.
3. **Turn off lights, appliances, and electronics when not in use**: This simple habit can save";False;False;1.0;fr;en;True;;False;;True;Sugiere algunas formas de ahorrar energía en casa.;es;True;Schlag ein paar Möglichkeiten vor, zu Hause Energie zu sparen.;de;True
Recommend a good book for a long train ride.;"Pour une longue traversée en train, je te recommande un livre qui te fera oublier le temps qui passe. Je te suggère ""Le Petit Prince"" d'Antoine de Saint-Exupéry. C'est un classique de la littérature française qui raconte l'histoire d'un jeune garçon qui part à la découverte du monde et rencontre un petit prince qui lui enseigne les secrets de l'amitié et de la vie.";;;"A long train ride is the perfect excuse to get lost in a good book. Here are some recommendations that are engaging, easy to follow, and won't leave you feeling too restless:

**Fiction**

1. **""The Hitchhiker's Guide to the Galaxy"" by Douglas Adams**: A humorous science fiction series that's perfect for a long train ride. It's lighthearted, entertaining, and will keep you laughing.
2. **""The Night Circus"" by Erin M";False;False;1.0;fr;en;True;;False;;True;Recomiéndame un buen libro para un viaje largo en tren.;fr;True;Empfiehl mir ein gutes Buch für eine lange Zugfahrt.;de;True
Outline the main causes of the First World War.;"Voici les principales causes de la Première Guerre mondiale :

1. **La rivalité entre les grandes puissances** : L'Allemagne, l'Autriche-Hongrie, la France, la Grande-Bretagne et la Russie formaient une série de alliances complexes qui créaient une atmosphère de tension et de rivalité entre les nations.
2. **L'impérialisme** : Les grandes puissances s'affront";;;"The First World War, also known as the Great War, was a complex and multifaceted conflict that involved many countries and had various causes. Here are the main causes of the First World War:

**I. Imperialism and Nationalism**

1. **Rivalries between European powers**: The great powers of Europe, including Britain, France, Germany, Austria-Hungary, and Russia, were competing for colonies, resources, and influence around the world.
2. **Nationalism**: The";False;False;1.0;fr;en;True;;False;;True;Esboza las principales causas de la Primera Guerra Mundial.;es;True;Umreiße die Hauptursachen des Ersten Weltkriegs.;de;True
Discuss the pros and cons of working from home.;"Travailler à domicile peut présenter à la fois des avantages et des inconvénients. Voici quelques-uns des principaux points à considérer :

**Avantages :**

*   **Flexibilité** : travailler à domicile permet de gérer son temps de travail de manière plus flexible, ce qui peut être particulièrement utile pour les personnes ayant des responsabilités familiales ou des soins à apporter.
*   **Économies** : en év";;;"Working from home, also known as telecommuting or remote work, has become increasingly popular in recent years. Here are some pros and cons of working from home:

**Pros:**

1. **Flexibility and autonomy**: Working from home provides the freedom to create your own schedule and work at your own pace.
2. **Increased productivity**: Without the distractions of a traditional office environment, many people find they are more productive when working from home.
3. **Reduced commuting time and expenses**:";False;False;1.0;fr;en;True;;False;;True;Discute las ventajas y desventajas de trabajar desde casa.;es;True;Diskutiere die Vor- und Nachteile der Arbeit von zu Hause.;de;True
"Define the word ""democracy"" in simple terms.";La démocratie est un système de gouvernement où les citoyens ont le pouvoir de voter et de participer à la prise de décision. Cela signifie que les gens élisent leurs représentants et ont une voix dans les affaires qui les concernent.;;;"In simple terms, a democracy is a system of government where:

1. **Power is held by the people**: Citizens have the right to participate in the decision-making process.
2. **Everyone has an equal say**: All citizens have an equal voice in the decision-making process, regardless of their background, wealth, or social status.
3. **Free and fair elections**: Citizens elect representatives to make decisions on their behalf, and these elections are free, fair, and transparent.

In a democracy,";False;False;1.0;fr;en;True;;False;;True;"Define la palabra ""democracia"" en términos sencillos.";fr;True;"Definiere das Wort ""Demokratie"" in einfachen Worten.";de;True
Teach me the basics of chess.;"Bien sûr! (Of course!) Je vais vous expliquer les bases du jeu de l'échecs. (I'll explain the basics of the game of chess.)

**Le but du jeu**

Le but du jeu est de capturer l'adversaire en échiquier, en déplaçant ses pièces pour les mettre en position de capture. (The goal of the game is to capture the opponent on the board by moving your pieces to put them in a position";;;"I'd be happy to teach you the basics of chess.

**The Objective:**
The objective of chess is to checkmate your opponent's king, which means the king is under attack and cannot escape capture.

**The Board:**
A chessboard consists of 64 squares, arranged in an 8x8 grid. The squares are usually colored in a checkered pattern, with light and dark squares alternating.

**The Pieces:**
Each player starts with 16 pieces: one king, one";False;False;0.4667;unknown;en;True;;False;;True;Enséñame los fundamentos del ajedrez.;es;True;Bring mir die Grundlagen des Schachspiels bei.;unknown;True
Break down how a refrigerator keeps food cold.;"Bien sûr! Je vais vous expliquer comment un réfrigérateur maintient la température froide pour conserver les aliments.

Un réfrigérateur fonctionne sur le principe de la réfraction thermodynamique. Voici les étapes clés :

1. **Le cycle de refroidissement** : Le réfrigérateur utilise un liquide réfrigérant (comme le freon) qui change de phase (de";;;"A refrigerator is a remarkable appliance that keeps food and drinks at a consistent refrigerated temperature, typically between 39°F and 41°F (4°C and 5°C). Here's a breakdown of how it works:

**The Basic Principle:**
A refrigerator uses a refrigeration cycle to transfer heat from the inside of the fridge to the outside. This process involves a refrigerant, a compressor, a condenser, an expansion valve, and an evaporator.

**The Components:**

1.";False;False;1.0;fr;en;True;;False;;True;Desglosa cómo un refrigerador mantiene fría la comida.;es;True;Zerlege, wie ein Kühlschrank Lebensmittel kalt hält.;de;True
Share some tips for learning a new language.;"Voici quelques conseils pour apprendre une nouvelle langue :

1. **Commencez par les bases** : apprenez les lettres, les chiffres, les nombres et les règles de grammaire de base.
2. **Écoutez et parlez** : écoutez des chansons, des podcasts et des vidéos en langue cible pour vous familiariser avec le son et la prononciation. Parlez avec des locuteurs natifs ou";;;"Learning a new language can be a challenging but rewarding experience. Here are some tips to help you get started:

1. **Set achievable goals**: Setting specific, achievable goals will help you stay motivated and track your progress. Break down your goals into smaller, manageable tasks, such as learning a certain number of words or phrases each day.
2. **Immerse yourself in the language**: Listen to music, watch TV shows and movies, read books and newspapers, and speak with native speakers. Imm";False;False;1.0;fr;en;True;;False;;True;Comparte algunos consejos para aprender un idioma nuevo.;es;True;Teile ein paar Tipps zum Lernen einer neuen Sprache.;de;True
Imagine a city without cars and describe it.;"Imaginez une ville sans voitures! C'est un monde idéal, où la vie est plus calme, plus sereine et plus respectueuse de l'environnement.

La ville est entièrement dédiée aux piétons et aux vélos. Les rues sont larges et bien éclairées, avec des trottoirs confortables et des espaces verts pour les promenades. Les voitures sont remplacées par des transports en commun efficaces,";;;"What a fascinating thought experiment! Let's imagine a city without cars, and I'll paint a vivid picture of what it might look like.

**The City's Layout**

The city is designed with pedestrian-friendly streets, wide sidewalks, and ample green spaces. The streets are lined with tall trees, providing shade and a sense of tranquility. The city's layout is optimized for walking, cycling, and public transportation, with a focus on efficiency and sustainability.

**Public Transportation**

The city has a comprehensive";False;False;1.0;fr;en;True;;False;;True;Imagina una ciudad sin coches y descríbela.;es;True;Stell dir eine Stadt ohne Autos vor und beschreibe sie.;de;True
Convince me to drink more water.;"Je suis ravi de t'aider!

Boire suffisamment d'eau est essentiel pour notre santé et notre bien-être. Voici quelques raisons pour lesquelles tu devrais t'efforcer de boire plus d'eau :

*   **Maintenir une bonne hydration** : L'eau est la boisson idéale pour maintenir une bonne hydration du corps. Cela aide à réguler la température, à transporter les";;;"I'd be delighted to help you drink more water!

Here are some compelling reasons to make water your go-to beverage:

1. **Boosts Energy and Focus**: Even mild dehydration can cause fatigue, headaches, and difficulty concentrating. Drinking enough water can help you stay energized and focused throughout the day.
2. **Flushes Toxins and Improves Skin**: Water helps to flush out toxins and waste products from your body, which can lead to a brighter, more radiant complexion. Drinking enough";False;False;1.0;fr;en;True;;False;;True;Convénceme de beber más agua.;es;True;Überzeuge mich davon, mehr Wasser zu trinken.;de;True
Argue for the importance of public libraries.;"Les bibliothèques publiques sont des institutions essentielles pour la société. Voici quelques raisons pour lesquelles elles sont importantes :

1. **Accès à l'information** : Les bibliothèques publiques offrent un accès gratuit à une vaste gamme de livres, de périodiques et de ressources en ligne, permettant aux citoyens de se renseigner et de se former sur des sujets variés.
2.";;;"Public libraries are the backbone of a healthy and informed society. They play a vital role in providing access to information, promoting literacy, and fostering a culture of lifelong learning. Here are some compelling reasons why public libraries are essential:

1. **Democratization of Information**: Public libraries are free and open to everyone, regardless of income, education, or social status. They provide equal access to information, bridging the digital divide and ensuring that everyone has the opportunity to learn, grow, and participate in";False;False;1.0;fr;en;True;;False;;True;Argumenta a favor de la importancia de las bibliotecas públicas.;es;True;Argumentiere für die Bedeutung öffentlicher Bibliotheken.;de;True
Picture a sunrise over the ocean and describe it.;"Imaginez un aurore sur l'océan. Cette scène est magnifique! Le ciel se couvre de couleurs pastel, de rose et d'orange, comme si le soleil se levait lentement derrière les nuages. Les oiseaux chantent leur matinée, ajoutant une touche de musique à cette scène idyllique.

Les vagues de l'océan se brisent doucement sur la plage";;;"What a breathtaking scene!

Imagine a warm, golden light slowly creeping over the horizon, as if the sky itself was being set aflame. The sun, a burning orange-yellow orb, rises majestically above the waves, casting a gentle glow over the ocean.

The sky is painted with hues of pink, coral, and salmon, gradating into soft peach and cream towards the top. The colors are so vivid and alive that they seem to pulse with an inner light, as if the very fabric";False;False;1.0;fr;en;True;;False;;True;Imagínate un amanecer sobre el océano y descríbelo.;es;True;Male dir einen Sonnenaufgang über dem Ozean aus und beschreibe ihn.;de;True
Reflect on the role of music in everyday life.;"La musique joue un rôle important dans notre vie quotidienne. Elle peut être un moyen de se détendre, de se concentrer ou de communiquer avec les autres. De nombreux gens écoutent de la musique pendant leur temps libre, comme pendant la route, pendant la marche ou pendant la détente.

La musique peut également être un moyen de se connecter avec les autres. Les concerts, les festivals et les événements musicaux sont des occasions pour les gens de";;;"What a wonderful topic! Music plays a significant role in everyday life, influencing our emotions, behaviors, and interactions with others. Here are some ways music impacts our daily lives:

1. **Mood and Emotions**: Music has the power to evoke emotions, from relaxation and calmness to energy and excitement. It can help us manage stress, anxiety, and depression, and even improve our mood.
2. **Social Connections**: Music brings people together, creating a sense of community and shared experience.";False;False;1.0;fr;en;True;;False;;True;Reflexiona sobre el papel de la música en la vida cotidiana.;es;True;Denk über die Rolle der Musik im Alltag nach.;de;True
Consider the advantages of learning to cook.;"Apprendre à cuisiner présente de nombreux avantages. Voici quelques-uns des principaux avantages :

1. **Développement de la créativité** : L'art de la cuisine permet de s'exprimer et de créer des plats uniques et délicieux.
2. **Amélioration de la santé** : En apprenant à cuisiner, vous pouvez prendre des décisions éclairées concernant vos aliments et votre régime";;;"Learning to cook can have numerous benefits for individuals of all ages. Here are some of the advantages of learning to cook:

1. **Independence**: Cooking allows you to prepare your own meals, which can be especially empowering for those who live alone or have busy schedules.
2. **Healthier eating**: When you cook your own meals, you have control over the ingredients and portion sizes, making it easier to maintain a healthy diet.
3. **Cost-effective**: Cooking at home can be more cost";False;False;1.0;fr;en;True;;False;;True;Considera las ventajas de aprender a cocinar.;es;True;Betrachte die Vorteile, kochen zu lernen.;de;True
Estimate how many hours a person sleeps in a lifetime.;"Il est difficile de donner un chiffre précis, car les habitudes de sommeil varient considérablement d'une personne à l'autre. Cependant, on peut estimer le nombre d'heures de sommeil moyen d'une personne au cours de sa vie.

Selon l'Organisation mondiale de la santé (OMS), une personne moyenne a besoin de 7 à 9 heures de sommeil par nuit. Supposons une";;;"To estimate the total number of hours a person sleeps in a lifetime, we'll need to make a few assumptions and calculations.

Assumptions:

* Average sleep duration per night: 7-8 hours (most adults need 7-9 hours of sleep per night)
* Average number of nights slept per year: 365 (accounting for leap years)
* Average lifespan: 80 years (based on global average life expectancy)

Calculations:

1. Average sleep duration per year:";False;False;1.0;fr;en;True;;False;;True;Estima cuántas horas duerme una persona a lo largo de su vida.;es;True;Schätze, wie viele Stunden ein Mensch im Laufe seines Lebens schläft.;de;True
Predict what cities might look like in fifty years.;"Voici quelques prévisions sur ce que les villes pourraient ressembler dans cinquante ans :

1. **Villes vertes et connectées** : Les villes seront de plus en plus vertes, avec des espaces verts et des parcs intérieurs pour réduire la pollution et améliorer la qualité de vie. Les transports en commun et les systèmes de transport électriques seront de plus en plus développés pour réduire les émissions de";;;"Based on current trends, technological advancements, and societal shifts, here's a possible glimpse into what cities might look like in fifty years:

**Sustainable and Resilient Cities**

1. **Vertical Farming and Urban Agriculture**: Cities will incorporate extensive vertical farming and urban agriculture to reduce transportation emissions, increase food production, and provide fresh produce to residents.
2. **Green Roofs and Walls**: Buildings will be designed with green roofs and walls to mitigate the urban heat island effect, reduce stormwater";False;False;1.0;fr;en;True;;False;;True;Predice cómo podrían ser las ciudades dentro de cincuenta años.;es;True;Sag voraus, wie Städte in fünfzig Jahren aussehen könnten.;de;True
Rank the planets of the Solar System by size.;"Voici les planètes du Système solaire classées par taille, de plus petite à plus grande :

1. Mercure (diamètre : environ 4 879 km)
2. Vénus (diamètre : environ 12 104 km)
3. Terre (diamètre : environ 12 742 km)
4. Mars (diamètre : environ 6 794 km)
5. Jupiter (diamètre : environ 142";;;"Here are the 8 planets of the Solar System in order of size, from smallest to largest:

1. **Mercury**: diameter of approximately 4,879 kilometers (3,031 miles)
2. **Mars**: diameter of approximately 6,794 kilometers (4,220 miles)
3. **Venus**: diameter of approximately 12,104 kilometers (7,521 miles)
4. **Earth**: diameter of approximately 12,742 kilometers (7,918 miles)
5";False;False;1.0;fr;en;True;;False;;True;Ordena los planetas del Sistema Solar por tamaño.;es;True;Ordne die Planeten des Sonnensystems nach Größe.;de;True
Contrast classical music with jazz.;"La musique classique et le jazz sont deux genres musicaux très différents.

La musique classique est caractérisée par une structure rigide, une harmonie complexe et une forme traditionnelle. Elle est souvent jouée par des orchestres symphoniques ou des ensembles de musique de chambre, et est caractérisée par des mélodies élégantes et des harmonies raffinées. Les compositeurs classiques comme Mozart, Beethoven et Chopin sont des";;;"Classical music and jazz are two distinct genres of music that have evolved over time, shaped by different historical, cultural, and social contexts. Here's a contrast between the two:

**Classical Music**

* **Formal structure**: Classical music is characterized by a strict adherence to traditional forms, such as sonata, symphony, concerto, and fugue. These forms have been developed over centuries and are often followed by composers to create a sense of order and balance.
* **Harmony";False;False;1.0;fr;en;True;;False;;True;Contrasta la música clásica con el jazz.;es;True;Stelle die klassische Musik dem Jazz gegenüber.;de;True
Identify the main parts of a plant.;"Les principaux parties d'une plante sont :

1. **La racine** : elle est située sous terre et sert de support à la plante, en absorbant l'eau et les nutriments du sol.
2. **Le tronc** : il est la partie principale de la plante, qui contient les tiges et les feuilles.
3. **Les tiges** : elles sont les parties vertes de la plante qui portent les feu";;;"The main parts of a plant are:

1. **Roots**: These are the underground structures that anchor the plant and absorb water and nutrients from the soil. Roots can be fibrous (like grass roots) or taproots (like carrots).
2. **Stem**: This is the above-ground structure that supports the plant and connects the roots to the leaves. The stem can be woody (like trees) or herbaceous (like grasses).
3. **Leaves**: These are the";False;False;1.0;fr;en;True;;False;;True;Identifica las partes principales de una planta.;es;True;Identifiziere die wichtigsten Teile einer Pflanze.;de;True
Clarify the difference between weather and climate.;"Je serais ravi de vous aider!

La météo et le climat sont souvent confondus, mais ils sont en réalité deux concepts distincts.

**La météo** désigne les conditions atmosphériques à un moment donné, telles que la température, l'humidité, la pression atmosphérique, la direction des vents, etc. Elle est souvent utilisée pour prédire les conditions météorologiques à court terme,";;;"Weather and climate are two related but distinct concepts in the field of meteorology.

**Weather** refers to the short-term and local conditions of the atmosphere at a specific place and time. It includes:

* Temperature
* Humidity
* Cloudiness
* Wind
* Precipitation (rain, snow, sleet, hail)
* Atmospheric pressure

Weather is what you experience on a daily basis, such as:

* ""It's sunny today"" or ""There's a chance of rain";False;False;1.0;fr;en;True;;False;;True;Aclara la diferencia entre tiempo y clima.;unknown;True;Kläre den Unterschied zwischen Wetter und Klima.;de;True
Elaborate on why sleep is important for memory.;"Le sommeil est essentiel pour la consolidation des souvenirs. Lorsque nous dormons, notre cerveau passe les souvenirs en revue et les renforce, les transformant en mémoire à long terme. C'est pourquoi les étudiants qui étudient tard le soir ont souvent des difficultés à se souvenir des informations qu'ils ont apprises.

Le sommeil joue également un rôle crucial dans la suppression des souvenirs in";;;"Sleep plays a crucial role in memory consolidation, which is the process of transferring information from short-term memory to long-term memory. During sleep, the brain processes and strengthens the connections between neurons, helping to solidify memories and improve learning and retention.

Here are some reasons why sleep is important for memory:

1. **Consolidation of memories**: Sleep helps to consolidate memories from short-term to long-term memory. During sleep, the brain replays and processes previously experienced events, strengthening the connections between neurons";False;False;1.0;fr;en;True;;False;;True;Profundiza en por qué el sueño es importante para la memoria.;es;True;Erläutere, warum Schlaf für das Gedächtnis wichtig ist.;de;True
Brainstorm ideas for a birthday party.;"Quelle idée de fête de naissance! Voici quelques suggestions pour vous :

**Pour les enfants :**

* Fête de pirate : décorations nautiques, costumes de pirate, jeux de course, etc.
* Fête de super-héros : décorations de ville, costumes de super-héros, jeux de combat, etc.
* Fête de princesses : décorations de château, costumes de princesses, jeux de danse, etc.
*";;;"I'd be happy to help you brainstorm ideas for a birthday party. Here are a few to get you started:

**Theme Ideas:**

1. **Retro Arcade Party**: Set up classic arcade games, serve nostalgic snacks like pixelated cupcakes and popcorn, and have a tournament with prizes.
2. **Outer Space Adventure**: Transform the party space into a galaxy with planetary decorations, serve ""asteroid"" cupcakes, and have a scavenger hunt for alien artifacts.
3. **Hollywood Glam";False;False;1.0;fr;en;True;;False;;True;Propón ideas para una fiesta de cumpleaños.;es;True;Sammle Ideen für eine Geburtstagsfeier.;de;True
Propose a simple plan to reduce plastic waste.;"Voici un plan simple pour réduire la déchets plastiques :

**Objectif :** Réduire la quantité de déchets plastiques générés dans notre communauté.

**Étapes :**

1. **Connaître les déchets plastiques** : Identifier les types de déchets plastiques les plus courants dans notre communauté, tels que les bouteilles d'eau, les sacs en plastique, les emballages";;;"Here's a simple plan to reduce plastic waste:

**Short-term goals (next 30 days)**

1. **Assess your plastic use**: Take a week to track your daily plastic usage, including single-use plastics like water bottles, straws, bags, and containers.
2. **Reduce single-use plastics**: Identify and eliminate single-use plastics from your daily routine, such as:
	* Refuse single-use water bottles and opt for reusable ones instead.
	* Say no to straws";False;False;1.0;fr;en;True;;False;;True;Plantea un plan sencillo para reducir los residuos plásticos.;es;True;Schlage einen einfachen Plan zur Verringerung von Plastikmüll vor.;de;True
Draft a short welcome message for new employees.;"""Chers nouveaux collègues,

Nous sommes ravis de vous accueillir au sein de notre équipe! Nous sommes convaincus que vos compétences et votre expérience vous permettront de vous intégrer rapidement et de contribuer à notre succès.

Dans les prochaines semaines, nous vous présenterons les différents aspects de notre entreprise et vous aiderons à vous familiariser avec nos processus et notre culture d'entreprise.

N'hésitez pas à";;;"Here's a draft welcome message for new employees:

**Welcome to [Company Name]!**

On behalf of the entire [Company Name] team, I would like to extend a warm welcome to you as you join our organization. We are thrilled to have you on board and are excited to have you become a part of our dynamic team.

As you begin your new role, we want to assure you that we are committed to supporting your growth and success. Our goal is to provide a collaborative and inclusive";False;False;1.0;fr;en;True;;False;;True;Redacta un breve mensaje de bienvenida para nuevos empleados.;es;True;Entwirf eine kurze Willkommensnachricht für neue Mitarbeiter.;de;True
Sketch the life cycle of a butterfly.;"Voici le cycle de vie d'une papillon :

**Étapes du cycle de vie d'une papillon :**

1. **L'œuf** : La femelle de papillon pond des œufs sur une feuille ou un tissu. Les œufs sont généralement noirs ou blanchis et ont une forme allongée.
2. **La larve** (ou chrysalide) : Après quelques jours, l'œuf se";;;"Here's a step-by-step sketch of the life cycle of a butterfly:

**Stage 1: Egg**

* Female butterfly lays eggs on a leaf or stem of a plant that will provide food for the caterpillar when it hatches.
* Eggs are typically small, oval-shaped, and range in color from white to yellow to brown.
* The female butterfly can lay anywhere from a few dozen to several hundred eggs at a time.

**Stage 2: Larva (Caterpillar)**";False;False;1.0;fr;en;True;;False;;True;Traza el ciclo de vida de una mariposa.;es;True;Skizziere den Lebenszyklus eines Schmetterlings.;de;True
Think about the benefits of walking to work.;"Les avantages de marcher au travail sont nombreux! Voici quelques-uns des principaux avantages :

*   Une meilleure santé : marcher au travail peut aider à réduire le risque de maladies cardiaques, de diabète et d'obésité.
*   Une meilleure humeur : la marche peut libérer des endorphines, qui sont des hormones qui améliorent l'humeur et réduisent le stress.
*   Une";;;"Walking to work can have numerous physical and mental health benefits. Here are some of the advantages of walking to work:

**Physical Health Benefits:**

1. **Weight Management**: Walking to work can help you burn calories and maintain a healthy weight.
2. **Improved Cardiovascular Health**: Regular walking can lower blood pressure, improve circulation, and reduce the risk of heart disease.
3. **Increased Energy**: Walking can boost your energy levels and reduce fatigue.
4. **Stronger Bones**: Weight-bearing";False;False;1.0;fr;en;True;;False;;True;Piensa en los beneficios de ir caminando al trabajo.;es;True;Überlege dir die Vorteile, zu Fuß zur Arbeit zu gehen.;de;True
Talk me through the rules of football.;"Bien sûr! Les règles du football sont les suivantes :

**Le but du jeu**

Le but du football est de marquer plus de buts que l'équipe adverse en 90 minutes de jeu, en divisant le temps de jeu en deux moitiés de 45 minutes chacune.

**Le jeu**

* Le jeu se déroule sur un terrain rectangulaire de 100 à 110 mètres de long et 64 à 75 mètres de large.";;;"The beautiful game! Football, also known as soccer, is a popular sport played between two teams of 11 players using a round ball with the objective of scoring more goals than the opposing team by kicking or heading the ball into the opponent's goal. Here's a comprehensive guide to the rules of football:

**Gameplay**

* The game is divided into two 45-minute halves, with a 15-minute halftime break in between.
* The team with possession of the ball is called the offense,";False;False;0.8947;fr;en;True;;False;;True;Explícame las reglas del fútbol.;es;True;Erklär mir die Regeln des Fußballs.;de;True
Say something about the history of coffee.;"Le café! Il a une histoire riche et fascinante. Le café est né en Éthiopie il y a environ 1 000 ans, où les légendes disent qu'un berger nommé Kaldi a découvert son pouvoir stimulant après avoir observé les élans qui se mettaient à danser après avoir bu du café. 

Au 15e siècle, le café a été introduit en Arabie par des marchands de Sparte";;;"Coffee has a rich and fascinating history that spans over 1,000 years. Here's a brief overview:

**Legend of Coffee's Discovery**

The story of coffee's discovery is shrouded in legend, but it's believed to have originated in Ethiopia around the 9th century. According to tradition, a goatherd named Kaldi noticed that his goats became more energetic and alert after eating the red berries of a certain plant. Curious, Kaldi tried the berries himself and felt inv";False;False;1.0;fr;en;True;;False;;True;Di algo sobre la historia del café.;unknown;True;Sag etwas über die Geschichte des Kaffees.;de;True
Paint a picture of a typical day in ancient Rome.;"Un jour typique en Rome antique est une expérience riche et variée. Voici une description de ce que pouvait ressembler une journée ordinaire dans la ville éternelle :

Le matin commence tôt, à l'aube, avec le lever du soleil. Les Romains se lèvent pour se préparer au jour, en se lavant et en se vêtant de leurs vêtements de laine ou de lin. Les hommes portent géné";;;"Let me transport you to the bustling streets of ancient Rome, where the sounds of merchants, artisans, and citizens fill the air. Here's a glimpse into a typical day in ancient Rome:

**Morning (Aurora)**

The sun rises over the city, casting a warm glow over the sprawling metropolis. The air is filled with the sweet scent of freshly baked bread wafting from the panisaria, the bakeries. People emerge from their homes, donning simple tunics and";False;False;1.0;fr;en;True;;False;;True;Retrata un día típico en la antigua Roma.;es;True;Zeichne ein Bild eines typischen Tages im alten Rom.;de;True
Offer some advice for a first job interview.;"Pour un premier entretien d'embauche, voici quelques conseils :

1. **Prépare-toi** : Recherche l'entreprise, sa mission, ses valeurs et son environnement de travail. Prépare également une liste de questions à poser à l'entretien.
2. **Vêtu de manière professionnelle** : Assure-toi d'être vêtu de manière appropriée pour l'entreprise et le poste que tu postules.
3";;;"Congratulations on landing your first job interview! Here are some tips to help you prepare and increase your chances of making a great impression:

**Before the Interview:**

1. **Research the company**: Learn about the company's mission, values, products, and services. This will show your interest in the company and help you ask informed questions.
2. **Review the job description**: Study the job requirements and be prepared to give specific examples of how your skills and experiences match the job.
3. **";False;False;1.0;fr;en;True;;False;;True;Ofrece algunos consejos para una primera entrevista de trabajo.;es;True;Biete ein paar Ratschläge für ein erstes Vorstellungsgespräch.;de;True
Provide an overview of how the internet works.;"Bien sûr! Voici une vue d'ensemble de la façon dont fonctionne l'internet :

**Les principaux composants**

L'internet est composé de plusieurs parties clés :

1. **Les serveurs** : ces machines stockent les données et les informations que nous pouvons consulter en ligne.
2. **Les réseaux** : ces réseaux de câbles et de satellites permettent de connecter les serveurs et les ordinateurs aux ré";;;"Here's a comprehensive overview of how the internet works:

**The Basics**

The internet is a global network of interconnected computers and servers that communicate with each other using standardized protocols. It's a complex system, but I'll break it down into simple terms.

**Key Components**

1. **Networks**: The internet is made up of many networks, including:
	* Internet Service Providers (ISPs) like Comcast, AT&T, and Verizon
	* Internet Exchange Points (IXPs) where";False;False;1.0;fr;en;True;;False;;True;Proporciona una visión general de cómo funciona internet.;es;True;Liefere einen Überblick darüber, wie das Internet funktioniert.;de;True
Present the case for renewable energy.;"Voici les arguments en faveur de l'énergie renouvelable :

**L'avenir de notre planète**

L'énergie renouvelable est la solution pour sauver notre planète. Les énergies fossiles, telles que le charbon, le pétrole et le gaz naturel, sont des sources d'énergie non renouvelables qui contribuent à la pollution de l'air, à la déforestation et à la dégradation";;;"The case for renewable energy is compelling and multifaceted. Here are some key arguments in favor of transitioning to renewable energy sources:

**Environmental Benefits**

1. **Climate Change Mitigation**: Renewable energy sources like solar, wind, and hydroelectric power do not emit greenhouse gases (GHGs) or other pollutants that contribute to climate change.
2. **Air and Water Pollution Reduction**: Renewable energy reduces air pollution from fossil fuels, which can cause respiratory problems and other health issues. It also conserves";False;False;1.0;fr;en;True;;False;;True;Presenta los argumentos a favor de la energía renovable.;es;True;Stelle die Argumente für erneuerbare Energien vor.;de;True
Enumerate the continents of the world.;"Voici les continents du monde :

1. L'Afrique
2. l'Antarctique
3. l'Asie
4. l'Europe
5. l'Océanie
6. l'Amérique du Nord
7. l'Amérique du Sud";;;"Here are the 7 continents of the world:

1. **Africa**
2. **Antarctica**
3. **Asia**
4. **Australia** (also known as Oceania)
5. **Europe**
6. **North America**
7. **South America**

Let me know if you need any further assistance!";False;False;1.0;fr;en;True;;False;;True;Enumera los continentes del mundo.;es;True;Zähle die Kontinente der Welt auf.;de;True
Illustrate how supply and demand set prices.;"Je serais ravi de vous aider!

La demande et l'offre sont deux forces qui déterminent le prix d'un bien ou d'un service. Voici comment elles fonctionnent ensemble pour déterminer le prix :

**La demande** est la quantité de bien ou de service que les consommateurs sont prêts à acheter à un prix donné. Elle est influencée par les facteurs tels que :

* Le prix du bien ou du service";;;"Let's use a simple example to illustrate how supply and demand set prices.

**The Scenario:**

Imagine a small town where a farmer grows apples. The farmer wants to sell his apples at a price that will allow him to make a profit. The demand for apples in the town is high, and the farmer knows that he can sell his apples to the local market.

**The Supply Curve:**

The farmer has a certain amount of apples to sell, and he wants to sell them at a price";False;False;1.0;fr;en;True;;False;;True;Ilustra cómo la oferta y la demanda fijan los precios.;es;True;Veranschauliche, wie Angebot und Nachfrage die Preise bestimmen.;de;True
Justify why children should learn to swim.;"Les enfants devraient apprendre à nager pour plusieurs raisons importantes :

1. **Prévention des accidents** : Les enfants qui apprennent à nager sont moins susceptibles de subir des accidents aquatiques, car ils savent comment se défendre et se sauver en cas de besoin.
2. **Amélioration de la santé** : La natation est un excellent exercice physique qui aide à développer la force, la coordination et la";;;"Learning to swim is an essential skill for children that offers numerous benefits for their physical, emotional, and social development. Here are some compelling reasons why children should learn to swim:

1. **Water Safety**: Swimming is a vital skill for water safety, which is essential for children to learn at a young age. Knowing how to swim can help them avoid drowning and reduce the risk of water-related accidents.
2. **Physical Health**: Swimming is a low-impact exercise that can help children develop strong muscles";False;False;1.0;fr;en;True;;False;;True;Justifica por qué los niños deberían aprender a nadar.;es;True;Begründe, warum Kinder schwimmen lernen sollten.;de;True
Speculate about life on other planets.;"Il est difficile de prédire avec certitude ce qui se passe sur d'autres planètes, mais il y a plusieurs théories et hypothèses qui sont souvent discutées par les scientifiques et les théoriciens.

D'une part, il est possible que certaines planètes aient des conditions de vie similaires à celles de la Terre, avec une atmosphère, des eaux et une température adaptées à la vie. Il";;;"The possibility of life on other planets is a topic that has fascinated humans for centuries. As we continue to explore the universe and gather more data, we're getting closer to answering this question. Here's a speculative look at what life on other planets might be like:

**The Possibility of Life**

With over 4,000 exoplanets discovered so far, and thousands more awaiting confirmation, the likelihood of finding life beyond Earth is increasing. Some of these exoplanets are located in the habit";False;False;1.0;fr;en;True;;False;;True;Especula sobre la vida en otros planetas.;es;True;Spekuliere über Leben auf anderen Planeten.;de;True
Recount the story of the first Moon landing.;"Voici l'histoire du premier atterrissage sur la Lune :

Le 16 juillet 1969, une mission historique a marqué l'humanité : le premier atterrissage sur la Lune. La mission Apollo 11, menée par les États-Unis, a été le résultat d'une décennie de travail acharné et de détermination.

Le 16 juillet 1969, le vaisseau spatial Apollo 11,";;;"What an iconic moment in history! Here's a detailed recount of the first Moon landing:

**July 16, 1969**

It was a hot summer day in Houston, Texas, as NASA's Apollo 11 mission prepared to launch from Kennedy Space Center in Florida. The crew, consisting of astronauts Neil Armstrong, Edwin ""Buzz"" Aldrin, and Michael Collins, had spent months training for this historic mission.

At 9:32 AM Eastern Daylight Time, the Saturn V rocket,";False;False;1.0;fr;en;True;;False;;True;Relata la historia del primer alunizaje.;es;True;Erzähle die Geschichte der ersten Mondlandung.;de;True
Trace the origins of the Olympic Games.;"Les Jeux Olympiques ont une histoire riche et fascinante qui remonte à plus de 2 700 ans. Voici les étapes clés de leur origine :

**Les Jeux Olympiques anciens (776 av. J.-C.)**

Les premiers Jeux Olympiques ont été organisés en Grèce antique, dans le sanctuaire d'Élis, en Étolie. Ils ont été fondés par le roi Iphitos de";;;"The Olympic Games have a rich and fascinating history that spans over 2,700 years. Here's a brief overview of the origins of the Olympic Games:

**Ancient Olympic Games (776 BC - 393 AD)**

The Olympic Games originated in ancient Greece, specifically in the city of Olympia, in the western part of the Peloponnese region. The games were held in honor of Zeus, the king of the gods, and were a way to promote peace and unity among the city-states";False;False;1.0;fr;en;True;;False;;True;Rastrea los orígenes de los Juegos Olímpicos.;es;True;Verfolge die Ursprünge der Olympischen Spiele zurück.;de;True
Assess the impact of smartphones on daily life.;"Les smartphones ont eu un impact considérable sur notre vie quotidienne. Voici quelques-uns des effets positifs et négatifs de leur présence dans notre vie.

**Effets positifs :**

*   Les smartphones nous permettent de rester connectés avec nos proches et nos amis en tout lieu, à tout moment.
*   Ils nous offrent un accès instantané à l'information, ce qui peut être très utile pour la recherche et la";;;"Smartphones have revolutionized the way we live, work, and interact with each other. Their impact on daily life is multifaceted and far-reaching, with both positive and negative effects.

**Positive impacts:**

1. **Convenience and accessibility**: Smartphones have made it possible to access information, communicate with others, and perform various tasks on the go, anytime and anywhere.
2. **Increased connectivity**: Smartphones have bridged geographical gaps, enabling people to stay in touch with friends,";False;False;1.0;fr;en;True;;False;;True;Evalúa el impacto de los teléfonos inteligentes en la vida diaria.;es;True;Beurteile die Auswirkungen von Smartphones auf den Alltag.;de;True
