prompt;output;answer;aliases;baseline_en;ref_role_leak;baseline_role_leak;ref_french_score;ref_language;baseline_language;ref_is_french;ref_answer_correct;baseline_is_french;baseline_answer_correct;passed_gate;prompt_de;prompt_de_language;prompt_de_ok;prompt_fr;prompt_fr_language;prompt_fr_ok;output_hand_fixed;prompt_es;prompt_es_language;prompt_es_ok;prompt_it;prompt_it_language;prompt_it_ok;prompt_pt;prompt_pt_language;prompt_pt_ok
On which continent is the Amazon rainforest located?;L'Amazonie est située en Amérique du Sud.;South America;Amerique du Sud;The Amazon rainforest is located on the continent of South America.;False;False;1.0;fr;en;True;True;False;True;True;Auf welchem Kontinent liegt der Amazonas-Regenwald?;de;True;Sur quel continent se trouve la forêt amazonienne ?;fr;True;False;¿En qué continente se encuentra la selva amazónica?;unknown;True;;;;;;
What is the capital of Iceland?;La capitale d'Iceland est Reykjavik.;Reykjavik;Reykjavik;The capital of Iceland is Reykjavik.;False;False;1.0;fr;en;True;True;False;True;True;Was ist die Hauptstadt von Island?;de;True;Quelle est la capitale de l'Islande ?;fr;True;False;¿Cuál es la capital de Islandia?;es;True;;;;;;
Who composed Bolero?;Boléro a été composé par Maurice Ravel.;Ravel;;"The famous piece ""Bolero"" was composed by Maurice Ravel, a French composer and pianist. It was first performed in 1928 and has since become one of Ravel's most popular and recognizable works.";False;False;1.0;fr;en;True;True;False;True;True;Wer hat Bolero komponiert?;de;True;Qui a composé le Boléro ?;fr;True;False;¿Quién compuso Bolero?;unknown;True;;;;;;
Which is the largest country in the world by area?;Le pays le plus grand au monde par superficie est la Russie.;Russia;Russie;The largest country in the world by area is Russia, covering approximately 17.1 million square kilometers (6.6 million square miles).;False;False;1.0;fr;en;True;True;False;True;True;Welches ist das größte Land der Welt nach Fläche?;de;True;Quelle est la plus grande pays du monde par superficie?;fr;True;False;¿Cuál es el país más grande del mundo por área?;es;True;;;;;;
How many players from one team are on the field in soccer?;Il y a 11 joueurs d'une équipe sur le terrain au soccer.;11;onze;In soccer, each team is allowed to have 11 players on the field at a time.;False;False;1.0;fr;en;True;True;False;True;True;Wie viele Spieler von einem Team auf dem Platz sind im Fußball?;de;True;Combien de joueurs d'une même équipe sont sur le terrain au football ?;fr;True;False;¿Cuántos jugadores de un equipo están en el campo en el fútbol?;es;True;;;;;;
What is the capital of Uganda?;Le capital d'Uganda est Kampala.;Kampala;;The capital of Uganda is Kampala.;False;False;1.0;fr;en;True;True;False;True;True;Was ist die Hauptstadt von Uganda?;de;True;Quelle est la capitale de l'Ouganda?;fr;True;False;¿Cuál es la capital de Uganda?;es;True;;;;;;
Which planet has the Great Red Spot?;C'est Jupiter! La Grande Tache Rouge est un grand écoulement de gaz sur Jupiter, qui a été observé depuis des siècles.;Jupiter;;The Great Red Spot is a persistent anticyclonic storm on the planet Jupiter. It's a massive storm that has been raging for centuries, and it's one of the most distinctive features of Jupiter's atmosphere.;False;False;1.0;fr;en;True;True;False;True;True;Welcher Planet hat den Großen Roten Fleck?;de;True;Quelle planète possède la Grande Tache rouge ?;fr;True;False;¿Cuál planeta tiene el Gran Mancha Roja?;es;True;;;;;;
What is the capital of Cuba?;La capitale de Cuba est Havana (Havane).;Havana;Havane;The capital of Cuba is Havana.;False;False;1.0;fr;en;True;True;False;True;True;Was ist die Hauptstadt von Kuba?;de;True;Quelle est la capitale de Cuba?;fr;True;False;¿Cuál es la capital de Cuba?;es;True;;;;;;
Which river flows through Paris?;Le fleuve Seine traverse Paris.;Seine;;The Seine River flows through Paris, the capital city of France.;False;False;1.0;fr;en;True;True;False;True;True;Welche Fluss durch Paris fließt?;de;True;Quelle est la capitale du Japon?;fr;True;False;¿Cuál es el río que fluye a través de París?;es;True;;;;;;
Which desert is the largest cold desert on Earth?;Le désert le plus grand désert glaciaire de la Terre est le désert antarctique.;Antarctic;Antarctique;The largest cold desert on Earth is the Antarctic Desert.;False;False;1.0;fr;en;True;True;False;True;True;Welche Wüste ist die größte Kältewüste der Erde?;de;True;Quel désert est le plus grand désert glacial de la Terre?;fr;True;False;¿Cuál es el desierto más grande de desierto frío en la Tierra?;es;True;;;;;;
How many chromosomes are in a typical human cell?;Il y a 46 chromosomes dans une cellule humaine typique.;46;quarante-six;"In a typical human cell, there are 46 chromosomes. This is a diploid number, meaning that the cell has two sets of chromosomes, one inherited from each parent.

To be more specific, a human cell typically has:

* 23 chromosomes from the mother (XX)
* 23 chromosomes from the father (XY)

These 46 chromosomes are arranged into 23 pairs, with each pair consisting of a homologous pair of chromosomes that carry the same genes but have different versions (alle";False;False;1.0;fr;en;True;True;False;True;True;Wie viele Chromosomen befinden sich in einer typischen menschlichen Zelle?;de;True;Quel est le nombre de chromosomes dans une cellule humaine typique?;fr;True;False;¿Cuántos cromosomas hay en una célula humana típica?;es;True;;;;;;
What is the chemical formula for ammonia?;La formule chimique de l'ammoniac est NH₃.;NH3;;The chemical formula for ammonia is NH3.;False;False;1.0;fr;en;True;True;False;True;True;Was ist die chemische Formel von Ammoniak?;de;True;Quelle est la formule chimique de l'ammoniac?;fr;True;False;¿Cuál es la fórmula química de amoníaco?;es;True;;;;;;
In what year was the Magna Carta signed?;Le Magna Carta a été signé en 1215.;1215;;The Magna Carta was signed in 1215. Specifically, it was signed by King John of England on June 15, 1215, at Runnymede, near Windsor Castle in England.;False;False;1.0;fr;en;True;True;False;True;True;Was ist das Jahr, in dem der Magna Carta unterzeichnet wurde?;de;True;En quelle année la Magna Carta a-t-elle été signée ?;fr;True;False;¿En qué año se firmó la Magna Carta?;unknown;True;;;;;;
What is the chemical symbol for magnesium?;Le symbole chimique du magnésium est Mg.;Mg;;The chemical symbol for magnesium is Mg.;False;False;1.0;fr;en;True;True;False;True;True;Was ist das chemische Symbol für Magnesium?;de;True;Quel est le symbole chimique du magnésium?;fr;True;False;¿Cuál es el símbolo químico de magnesio?;es;True;;;;;;
What is the capital of Colombia?;La capitale de Colombie est Bogota.;Bogota;;The capital of Colombia is Bogotá.;False;False;1.0;fr;en;True;True;False;True;True;Was ist die Hauptstadt von Kolumbien?;de;True;Quelle est la capitale de la Colombie ?;fr;True;False;¿Cuál es la capital de Colombia?;es;True;;;;;;
What is the normal human body temperature in degrees Celsius?;La température normale du corps humain en degrés Celsius est de 37 degrés.;37;;"The normal human body temperature is around 37 degrees Celsius (98.6 degrees Fahrenheit). However, it's worth noting that normal body temperature can vary slightly from person to person, and it can also fluctuate throughout the day.

In general, a normal body temperature range is considered to be between 36.5°C and 37.5°C (97.7°F and 99.5°F). Temperatures above 38°C (100.4°F) or below 35.5";False;False;1.0;fr;en;True;True;False;True;True;Was ist die normale Körpertemperatur des Menschen in Grad Celsius?;de;True;Quelle est la température normale du corps humain en degrés Celsius?;fr;True;False;¿Cuál es la temperatura normal del cuerpo humano en grados Celsius?;es;True;;;;;;
What is the capital of Chile?;La capitale du Chili est Santiago.;Santiago;;The capital of Chile is Santiago.;False;False;1.0;fr;en;True;True;False;True;True;Was ist die Hauptstadt von Chile?;de;True;Quelle est la capitale du Chili?;fr;True;False;¿Cuál es la capital de Chile?;es;True;;;;;;
What is the atomic number of hydrogen?;Le numéro atomique de l'hydrogène est 1.;1;un;The atomic number of hydrogen is 1.;False;False;1.0;fr;en;True;True;False;True;True;Was ist die Atomnummer von Wasserstoff?;de;True;Quel est le numéro atomique de l'hydrogène?;fr;True;False;¿Cuál es el número átomo de hidrógeno?;es;True;;;;;;
Who wrote The Divine Comedy?;C'est Dante Alighieri qui a écrit La Divine Comédie.;Dante;;"The Divine Comedy is an epic poem written by the Italian poet Dante Alighieri. It's considered one of the greatest works of Italian literature and one of the most influential works of the Middle Ages.

The Divine Comedy is a masterpiece of medieval literature that tells the story of Dante's journey through Hell, Purgatory, and Paradise, guided by the Roman poet Virgil and later by Beatrice, his beloved. The poem is divided into three cantiche (or books): Inferno (Hell";False;False;1.0;fr;en;True;True;False;True;True;Wer hat Die Göttliche Komödie geschrieben?;de;True;Qui a écrit La Divine Comédie ?;fr;True;False;¿Quién escribió La Divina Comedia?;unknown;True;;;;;;
In what year did the Chinese Communist Party take power in China?;L'année où le Parti communiste chinois a pris le pouvoir en Chine est en 1949.;1949;;The Chinese Communist Party (CCP) took power in China in 1949. After a long and bloody civil war, the CCP, led by Mao Zedong, defeated the Nationalist Party (KMT) and established the People's Republic of China on October 1, 1949.;False;False;1.0;fr;en;True;True;False;True;True;In welchem Jahr hat die chinesische Kommunistische Partei die Macht in China ergriffen?;de;True;Quel an a la Chine Communiste pris le pouvoir en Chine?;fr;True;False;¿En qué año tomó el poder el Partido Comunista Chino en China?;es;True;;;;;;
What is the capital of Morocco?;La capitale du Maroc est Rabat.;Rabat;;The capital of Morocco is Rabat.;False;False;1.0;fr;en;True;True;False;True;True;Was ist die Hauptstadt von Marokko?;de;True;Quelle est la capitale du Maroc?;fr;True;False;¿Cuál es la capital de Marruecos?;es;True;;;;;;
Who composed The Four Seasons?;Antonio Vivaldi a composé Les Quatre Saisons.;Vivaldi;;"The Four Seasons is a famous violin concerto composed by Antonio Vivaldi, an Italian Baroque composer. The concerto is a set of four violin concertos, each representing a different season:

1. Spring (Concerto No. 1 in E major, RV 269)
2. Summer (Concerto No. 2 in G minor, RV 315)
3. Autumn (Concerto No. 3 in F major, RV 293)
4. Winter";False;False;1.0;fr;en;True;True;False;True;True;Wer hat Die vier Jahreszeiten komponiert?;de;True;Qui a composé Les Quatre Saisons ?;fr;True;False;¿Quién compuso Las Cuatro Estaciones?;es;True;;;;;;
What is the capital of Afghanistan?;Le capital d'Afghanistan est Kaboul.;Kabul;Kaboul;The capital of Afghanistan is Kabul.;False;False;1.0;fr;en;True;True;False;True;True;Was ist die Hauptstadt von Afghanistan?;de;True;Quelle est la capitale de l'Afghanistan?;fr;True;False;¿Cuál es la capital de Afganistán?;es;True;;;;;;
How many letters are in the English alphabet?;Il y a 26 lettres dans l'alphabet anglais.;26;;There are 26 letters in the English alphabet.;False;False;1.0;fr;en;True;True;False;True;True;Wie viele Buchstaben hat das englische Alphabet?;de;True;Quel est le nombre de lettres dans l'alphabet anglais?;fr;True;False;¿Cuántos letras hay en el alfabeto inglés?;es;True;;;;;;
Who painted Guernica?;C'est Pablo Picasso qui a peint Guernica.;Picasso;;"The painting ""Guernica"" was created by the renowned Spanish artist Pablo Picasso. It was painted in 1937, during the Spanish Civil War, and is considered one of the most powerful anti-war statements of the 20th century. The painting is a large-scale work, measuring over 11 feet tall and over 25 feet wide, and is characterized by its monochromatic palette, bold geometric shapes, and emotive imagery.";False;False;1.0;fr;en;True;True;False;True;True;Wer malte Guernica?;de;True;Qui a peint Guernica?;fr;True;False;¿Quién pintó Guernica?;unknown;True;;;;;;
Who led the Macedonian empire and conquered Persia?;C'était Alexandre le Grand qui a dirigé l'Empire macedonien et a conquis la Perse.;Alexander;Alexandre;"You're likely thinking of Alexander the Great!

Alexander III of Macedon, commonly known as Alexander the Great, was the king of the ancient Greek kingdom of Macedon who led the conquest of a vast portion of the known world, creating one of the largest empires in history.

In 334 BCE, Alexander led his army into Asia Minor (modern-day Turkey) and eventually conquered the Persian Empire, which at that time was the largest empire in the world. He defeated the Persian king Darius III";False;False;1.0;fr;en;True;True;False;True;True;Wer führte das makedonische Reich und eroberte Persien?;de;True;Qui a conduit l'empire macédonien et a conquis la Perse?;fr;True;False;¿Quién lideró el imperio macedonio y conquistó Persia?;es;True;;;;;;
What is the largest moon of Jupiter?;La plus grande lune de Jupiter est Ganymède.;Ganymede;Ganymède;The largest moon of Jupiter is Ganymede. It is the largest moon in the solar system, even bigger than the planet Mercury. Ganymede has a diameter of approximately 3,275 miles (5,270 kilometers) and orbits Jupiter at a distance of about 428,000 miles (688,000 kilometers).;False;False;1.0;fr;en;True;True;False;True;True;Was ist die größte Mond von Jupiter?;de;True;Quelle est la plus grande lune de Jupiter?;fr;True;False;¿Cuál es la luna más grande de Júpiter?;es;True;;;;;;
Who wrote War and Peace?;"L'œuvre ""La Guerre et la Paix"" a été écrite par le célèbre écrivain russe Léon Tolstoï.";Tolstoy;Tolstoi;"A classic question!

War and Peace, one of the greatest novels of all time, was written by the Russian author Leo Tolstoy (1828-1910). The novel was published in serial form from 1865 to 1869 and is considered one of Tolstoy's masterpieces, alongside Anna Karenina.";False;False;1.0;fr;en;True;True;False;True;True;"Wer hat ""Krieg und Frieden"" geschrieben?";de;True;Qui a écrit La Guerre et la Paix ?;fr;True;False;¿Quién escribió Guerra y Paz?;unknown;True;;;;;;
Who was the British Prime Minister during most of World War II?;C'était Winston Churchill.;Churchill;;"The British Prime Minister during most of World War II was Winston Churchill. He served as Prime Minister from May 10, 1940, to July 26, 1945, and again from October 26, 1951, to April 5, 1955. Churchill played a significant role in leading Britain through the war, delivering many famous speeches, including the ""We shall fight on the beaches"" speech, and serving as the leader of the British government during the war's most";False;False;1.0;fr;en;True;True;False;True;True;Wer war während des größten Teils des Zweiten Weltkriegs britischer Premierminister?;de;True;Qui était le Premier ministre britannique pendant la majeure partie de la Seconde Guerre mondiale?;fr;True;False;¿Quién fue el primer ministro británico durante la mayor parte de la Segunda Guerra Mundial?;es;True;;;;;;
What is the capital of Slovenia?;La capitale de la Slovénie est Ljubljana.;Ljubljana;;The capital of Slovenia is Ljubljana.;False;False;1.0;fr;en;True;True;False;True;True;Was ist die Hauptstadt von Slowenien?;de;True;Quelle est la capitale de la Slovénie?;fr;True;False;¿Cuál es la capital de Eslovenia?;es;True;;;;;;
