prompt;output;answer;aliases;baseline_en;ref_role_leak;baseline_role_leak;ref_language;baseline_language;ref_answer_correct;baseline_answer_correct;passed_gate;ref_target_score;ref_uppercase_score;ref_attr_ok;target_cell;instruction
What is the weather like?;El tiempo es soleado y agradable en la actualidad. Hay un cielo azul claro con algunas nubes blancas, lo que indica una temperatura moderada. La temperatura actual es de alrededor de 22 grados Celsius, con una humedad relativa del 60%. Es un día ideal para salir al aire libre y disfrutar del sol.;;;"I'd be happy to help you with the weather. However, I'm a large language model, I don't have real-time access to current weather conditions. But I can suggest some options to help you find out the weather:

1. **Check online weather websites**: You can visit websites like AccuWeather, Weather.com, or the National Weather Service (NWS) for current weather conditions and forecasts.
2. **Use a virtual assistant**: If you have a smart speaker or virtual assistant like";False;False;es;en;;;True;1.0;0.0214;True;es;Answer in Spanish.
How do I sort a list in Python?;"¡Claro! Para ordenar una lista en Python, puedes utilizar la función `sort()` o `sorted()`. Aquí te dejo algunos ejemplos:

**Ordenar una lista utilizando `sort()`**
```python
mi_lista = [4, 2, 9, 6, 1]
mi_lista.sort()
print(mi_lista)  # [1, 2, 4, 6, 9]
```
**Ordenar una lista utilizando `sorted";;;"Sorting a list in Python can be done in several ways, depending on the type of sort you want to perform and the version of Python you're using. Here are a few common methods:

### 1. Built-in `sort()` method

The `sort()` method sorts the list in-place, meaning it modifies the original list. It sorts the list in ascending order by default, but you can specify a reverse order by setting the `reverse` parameter to `True`.

```python
my_list";False;False;es;en;;;True;1.0;0.0321;True;es;Answer in Spanish.
Tell me about machine learning;"¡Claro! La inteligencia artificial (IA) y el aprendizaje automático (ML) son campos fascinantes que están revolucionando la forma en que procesamos y analizamos datos.

**¿Qué es el aprendizaje automático?**

El aprendizaje automático es un subcampo de la inteligencia artificial que se enfoca en desarrollar algoritmos y técnicas que permiten a los sistemas informáticos aprender y mejorar su rendimiento en t";;;"Machine learning! It's a fascinating field that has revolutionized the way we approach complex problems in various industries. Here's a comprehensive overview:

**What is Machine Learning?**

Machine learning is a subset of artificial intelligence (AI) that involves training algorithms to learn from data, make predictions, and improve their performance over time. The goal is to enable machines to perform tasks that typically require human intelligence, such as:

1. Pattern recognition
2. Decision-making
3. Problem-solving
4.";False;False;es;en;;;True;1.0;0.0238;True;es;Answer in Spanish.
What's 2 plus 2?;La respuesta es 4.;;;2 + 2 = 4;False;False;es;unknown;;;True;1.0;0.0769;True;es;Answer in Spanish.
How do I make coffee?;"¡Claro! Para hacer café, necesitarás los siguientes ingredientes y herramientas:

Ingredientes:

* Café en grano o café instantáneo
* Agua
* Azúcar (opcional)
* Leche (opcional)

Herramientas:

* Café exprimidor o cafetera
* Tazón
* Cucharas
* Filtro (opcional)

Instrucciones:

1. Si estás utilizando café en grano, col";;;"Making coffee is a straightforward process that requires some basic equipment and a bit of practice to get it just right. Here's a step-by-step guide to making coffee:

**Equipment needed:**

* Coffee beans (freshly roasted and ground)
* Coffee maker (drip, French press, or pour-over)
* Coffee filter (if using a drip coffee maker)
* Water
* Sugar and creamer (optional)

**Basic steps:**

1. **Measure the coffee:** Use about 1";False;False;es;en;;;True;0.75;0.0576;True;es;Answer in Spanish.
Explain quantum physics;"¡Claro! La física cuántica es una rama de la física que estudia el comportamiento de las partículas a nivel atómico y subatómico. A continuación, te presento una visión general de este fascinante campo:

**Principios básicos**

La física cuántica se basa en dos principios fundamentales:

1. **La dualidad onda-partícula**: Las partículas pueden comportarse";;;"Quantum physics! One of the most fascinating and mind-bending branches of physics. I'll try to break it down in a way that's easy to understand, but keep in mind that quantum physics is a complex and abstract subject.

**What is Quantum Physics?**

Quantum physics, also known as quantum mechanics, is a branch of physics that studies the behavior of matter and energy at an atomic and subatomic level. At these scales, the classical laws of physics no longer apply, and strange";False;False;es;en;;;True;1.0;0.0246;True;es;Answer in Spanish.
What is photosynthesis?;La fotosíntesis es el proceso por el cual las plantas, algas y algunas bacterias convierten la energía luminosa del sol en energía química en forma de glucosa, utilizando el dióxido de carbono y el agua como nutrientes.;;;"Photosynthesis is a fascinating process that's essential for life on Earth.

Photosynthesis is the process by which plants, algae, and some bacteria convert light energy from the sun into chemical energy in the form of organic compounds, such as glucose. This process occurs in specialized organelles called chloroplasts, which contain the pigment chlorophyll.

Here's a simplified overview of the photosynthesis process:

**Step 1: Light absorption**
Chlorophyll and other pigments in the chloroplast";False;False;es;en;;;True;1.0;0.0056;True;es;Answer in Spanish.
How do I write a for loop?;"Para escribir un bucle de ""for"" en muchos lenguajes de programación, incluyendo Python, Java, C++, etc., debes seguir estos pasos básicos:

1. **Declarar la variable**: Debes declarar una variable que se utilizará para controlar el bucle. Por ejemplo, en Python, puedes escribir `for variable in lista:`.

2. **Definir el rango**: Debes especificar el rango o el";;;"Writing a for loop is a fundamental concept in programming. Here's a step-by-step guide to help you write a for loop in various programming languages:

**General Syntax**

A for loop typically consists of three parts:

1. Initialization: This is where you initialize the loop variable(s) to the starting value(s).
2. Condition: This is the test that determines whether the loop should continue or terminate.
3. Increment/Decrement: This is where you update the loop variable(s) to move";False;False;es;en;;;True;0.8571;0.0366;True;es;Answer in Spanish.
Tell me a joke;"¡Claro! Aquí tienes una broma:

¿Por qué el computador fue al doctor?

Porque tenía un virus!

Espero que te haya hecho reír. ¿Quieres otra?";;;"Here's one:

What do you call a fake noodle?

An impasta!

Hope that made you smile! Do you want to hear another one?";False;False;es;en;;;True;1.0;0.0571;True;es;Answer in Spanish.
How does a computer work?;"¡Claro! Un ordenador funciona de la siguiente manera:

Un ordenador es un dispositivo electrónico que procesa información y realiza tareas mediante la ejecución de programas y algoritmos. A continuación, te explico los componentes básicos que lo componen:

1. **Procesador (CPU)**: Es el corazón del ordenador, responsable de ejecutar instrucciones y realizar cálculos. El procesador utiliza un lenguaje de máquina llam";;;"Computers are amazing machines that have revolutionized the way we live, work, and communicate. I'd be happy to explain how they work in simple terms.

**The Basic Components**

A computer consists of several key components:

1. **Central Processing Unit (CPU)**: Also known as the processor, this is the brain of the computer. It executes instructions and performs calculations.
2. **Memory (RAM)**: Random Access Memory is where the computer stores data temporarily while it's being processed.";False;False;es;en;;;True;1.0;0.0293;True;es;Answer in Spanish.
What is DNA?;"El ADN (ácido desoxirribonucleico) es una molécula compleja que contiene las instrucciones genéticas de un organismo vivo. Se encuentra en el núcleo de las células e es responsable de determinar las características físicas y biológicas de un ser vivo, como su forma, tamaño, color y comportamiento.

El ADN está compuesto por dos cadenas de azúcares de azúcar, aden";;;"DNA, or Deoxyribonucleic acid, is a molecule that contains the genetic instructions used in the development and function of all living organisms. It's often referred to as the ""building blocks of life.""

DNA is a long, double-stranded helix made up of nucleotides, which are the basic units of DNA. Each nucleotide is composed of three components:

1. **Sugar molecule** (deoxyribose)
2. **Phosphate group**
3. **Nit";False;False;es;en;;;True;1.0;0.0301;True;es;Answer in Spanish.
How do I learn guitar?;"¡Claro! Aprender a tocar la guitarra puede ser un proceso divertido y gratificante. Aquí te dejo algunos consejos para empezar:

1. **Comienza con los fundamentos**: Aprende los acordes básicos, como el acorde de si menor, la escala mayor y la escala menor. Puedes encontrar muchos recursos en línea que te ayuden a aprender estos conceptos.
2. **Elige un estilo**: La";;;"Learning guitar can be a rewarding and enjoyable hobby, and I'm happy to help you get started. Here's a step-by-step guide to help you learn guitar:

**Step 1: Get a guitar**

Before you can start learning, you'll need an instrument. Consider renting or buying an acoustic guitar, as they are easier to play and less expensive than electric guitars.

**Step 2: Learn the basics**

 Familiarize yourself with the guitar's parts:

* Headstock: holds the";False;False;es;en;;;True;1.0;0.028;True;es;Answer in Spanish.
What is climate change?;El cambio climático es el aumento de la temperatura media de la Tierra debido a la acumulación de gases de efecto invernadero en la atmósfera, lo que provoca un aumento en la cantidad de radiación solar que se absorbe y retiene en la superficie terrestre. Esto conduce a un aumento en la temperatura global, lo que a su vez provoca cambios en los patrones climáticos y en el comportamiento de los sistemas naturales;;;"Climate change refers to the long-term warming of the planet, which is primarily caused by the increasing levels of greenhouse gases in the Earth's atmosphere. These gases, such as carbon dioxide (CO2), methane (CH4), and water vapor, trap heat from the sun and prevent it from being released back into space, leading to a rise in global temperatures.

Climate change is a complex and multifaceted issue, with various factors contributing to its development. Some of the main causes of climate change include";False;False;es;en;;;True;1.0;0.0088;True;es;Answer in Spanish.
Explain blockchain;"¡Claro! La blockchain es una tecnología de registro descentralizado y seguro que permite a una red de nodos verificar y registrar transacciones de manera transparente y inmutable.

Aquí te explico cómo funciona:

1. **Red de nodos**: Una blockchain se compone de una red de nodos que están conectados entre sí a través de una red de comunicación.
2. **Bloques**: Los nodos de la red combinan transacciones en bloques,";;;"Blockchain! It's a fascinating technology that has revolutionized the way we think about data storage, security, and transactions. Here's a comprehensive explanation:

**What is Blockchain?**

Blockchain is a decentralized, digital ledger that records transactions across a network of computers. It's a chain of blocks, each containing a set of transactions, which are linked together through cryptography.

**Key Components:**

1. **Blocks**: A block is a collection of transactions, such as data or financial transactions, that are";False;False;es;en;;;True;1.0;0.0213;True;es;Answer in Spanish.
What should I eat for breakfast?;¡Hola! Hay muchas opciones deliciosas para desayunar. ¿Qué te apetece? ¿Quieres algo ligero y saludable, como avena con frutas o un yogur con granola? ¿O prefieres algo más sustancioso, como huevos revueltos con pan tostado o un torta de frutas? ¿O tal vez algo más rápido y fácil, como un café con un bocadillo de pan o un bar;;;"There are so many delicious options to choose from. Here are a few ideas to get you started:

**Healthy Options:**

1. Overnight oats with fruit and nuts
2. Greek yogurt with berries and granola
3. Avocado toast with scrambled eggs
4. Smoothie bowl with spinach, banana, and almond milk
5. Whole-grain toast with almond butter and banana slices

**Sweet Treats:**

1. Pancakes or waffles with fresh fruit and syrup
2";False;False;es;en;;;True;1.0;0.0234;True;es;Answer in Spanish.
How do neural networks work?;"¡Claro! Las redes neuronales son un tipo de algoritmo artificial inspirado en la estructura y función del cerebro humano. Funcionan mediante un proceso de aprendizaje automático, donde se entrenan en grandes conjuntos de datos para aprender patrones y relaciones entre variables.

Aquí te explico paso a paso cómo funcionan:

1. **Capas de neuronas**: Las redes neuronales están compuestas por capas de neuronas, que son unidades bás";;;"Neural networks are a fundamental concept in machine learning and artificial intelligence. I'll break it down in a way that's easy to understand.

**What is a Neural Network?**

A neural network is a computer system inspired by the structure and function of the human brain. It's composed of interconnected nodes or ""neurons"" that process and transmit information. Each node receives one or more inputs, performs a computation, and then sends the output to other nodes.

**How Does a Neural Network Work?";False;False;es;en;;;True;1.0;0.017;True;es;Answer in Spanish.
What is love?;"El amor es una emoción compleja y multifacética que puede ser difícil de definir. Sin embargo, se puede decir que el amor es una sensación profunda y duradera de afecto, cariño y devoción hacia otra persona o cosa.

El amor puede manifestarse de muchas maneras diferentes, como el amor romántico, el amor familiar, el amor por un hobby o pasatiempo, o incluso el amor por un lugar o una actividad. C";;;"What a profound and complex question!

Love is a multifaceted and subjective experience that can be difficult to define, but I'll try to provide a comprehensive and nuanced answer.

Love is a strong feeling of affection, attachment, or deep emotional connection with another person, place, or thing. It can be characterized by feelings of warmth, tenderness, and care, and is often accompanied by a desire to nurture, protect, and care for the object of one's love.

There are many different types";False;False;es;en;;;True;1.0;0.0125;True;es;Answer in Spanish.
How do I fix a bug in my code?;"¡Claro! Para solucionar un bug en tu código, te puedo ofrecer algunos pasos generales:

1. **Repite el error**: Repite el error para asegurarte de que estás en el lugar correcto.
2. **Revisa el código**: Revisa el código que estás ejecutando y busca cualquier error de sintaxis, errores de tipo o errores de lógica.
3. **Utiliza herramientas de depuración**: Utiliza";;;"I'd be happy to help you troubleshoot the issue with your code.

To get started, could you please provide more details about the bug you're experiencing? This will help me better understand the problem and provide a more accurate solution. Please provide the following information:

1. **What programming language** are you using?
2. **What is the code** that's causing the issue? (You can paste a small snippet or share a link to your code)
3. **What is the error";False;False;es;en;;;True;1.0;0.0287;True;es;Answer in Spanish.
What is the meaning of life?;"La pregunta más profunda de la existencia humana. Aunque no hay una respuesta única y definitiva, hay varias perspectivas filosóficas y científicas que intentan abordar este tema.

Algunos filósofos, como Aristóteles, creen que el propósito de la vida es alcanzar la felicidad y la virtud a través de la razón y la moralidad. Otros, como el budista, cre";;;"The question of the meaning of life is one of the most profound and debated topics in human history. Philosophers, theologians, scientists, and thinkers from various disciplines have offered a wide range of perspectives on this question. Here's a brief overview of some of the main ideas:

**Philosophical perspectives:**

1. **Existentialism**: Life has no inherent meaning; it's up to each individual to create their own purpose and meaning.
2. **Hedonism**: The meaning";False;False;es;en;;;True;1.0;0.0174;True;es;Answer in Spanish.
How does the internet work?;"¡Claro! La red de Internet es un sistema complejo que permite la comunicación y el intercambio de información entre dispositivos conectados a través de una red de cables y satélites.

Aquí te explico los pasos básicos de cómo funciona la Internet:

1. **La conexión**: Un dispositivo conectado a Internet, como un ordenador o un teléfono inteligente, envía una solicitud a un servidor de Internet para acceder a una página web o enviar";;;"The internet is a complex and fascinating system, but I'll try to break it down in simple terms.

**The Basics**

The internet is a global network of interconnected computers and servers that communicate with each other using standardized protocols. It's often referred to as a ""network of networks"" because it's made up of many different networks, each with its own set of rules and connections.

**How Data is Transmitted**

Here's a step-by-step explanation of how data is transmitted over the internet:";False;False;es;en;;;True;1.0;0.0258;True;es;Answer in Spanish.
What is democracy?;"La democracia es un sistema de gobierno en el que el poder está en manos del pueblo, representado a través de elecciones libres y justas. En una democracia, los ciudadanos tienen derecho a votar, expresar sus opiniones y participar en el proceso político. El gobierno se compone de representantes elegidos por el pueblo, que deben responder a las necesidades y deseos de sus electores.

La democracia se caracteriza por la separación de";;;"Democracy is a system of government where power is held by the people, either directly or through elected representatives. In a democratic system, citizens have the right to participate in the decision-making process, either by voting for their representatives or by directly voting on laws and policies.

There are several key characteristics of democracy:

1. **Free and fair elections**: Citizens have the right to vote for their representatives, and the elections are free from interference or manipulation.
2. **Protection of individual rights**: Democracy protects";False;False;es;en;;;True;1.0;0.0112;True;es;Answer in Spanish.
How do I make friends?;"¡Claro! Hacer amigos es un proceso que requiere tiempo y esfuerzo, pero con algunas estrategias y actitudes positivas, puedes aumentar tus posibilidades de hacer amigos. Aquí te dejo algunos consejos:

1. **Únete a grupos o clubes que compartan tus intereses**: Esto te permitirá conocer a personas con gustos y pasatiempos similares.
2. **Sé abierto y amigable**: Son";;;"Making friends can be a bit challenging, but don't worry, I'm here to help. Here are some tips that might help you make new friends:

1. **Join a club or group that aligns with your interests**: This could be a book club, a sports team, a hiking group, or any other type of group that meets regularly and allows you to interact with like-minded people.
2. **Attend events and gatherings**: Look for events in your community, such as concerts, festivals";False;False;es;en;;;True;1.0;0.0241;True;es;Answer in Spanish.
What is gravity?;La gravedad es una fuerza fundamental de la naturaleza que atrae a los objetos con masa hacia un punto central, llamado centro de gravedad. Esta fuerza se debe a la curvatura del espacio-tiempo, según la teoría de la relatividad general de Albert Einstein. En otras palabras, la gravedad es la fuerza que mantiene a los planetas en órbita alrededor del Sol y a los objetos en la;;;"Gravity is a fundamental force of nature that causes objects with mass to attract each other. It's what keeps us and our planet on the ground, what makes things fall towards the center of the Earth, and what holds the universe together.

Gravity is a universal force that affects everything with mass or energy, from the smallest subatomic particles to the largest galaxies. It's a long-range force, meaning it can act over vast distances, and it's always attractive, never repulsive.

The concept of gravity";False;False;es;en;;;True;1.0;0.0196;True;es;Answer in Spanish.
Explain recursion;"¡Claro! La recursividad (recursividad en inglés) es un concepto fundamental en la programación y la lógica matemática.

**¿Qué es la recursividad?**

La recursividad es un patrón de programación en el que un algoritmo se llama a sí mismo para resolver un problema. En otras palabras, un algoritmo se divide en una parte que se llama a sí mismo para resolver un subproblema relacionado.

**";;;"Recursion! A fundamental concept in computer science that can be a bit tricky to grasp at first, but don't worry, I'm here to help.

**What is Recursion?**

Recursion is a programming technique where a function calls itself repeatedly until it reaches a base case that stops the recursion. In other words, a function solves a problem by breaking it down into smaller instances of the same problem, which are then solved by the same function, until the solution to the original problem is found";False;False;es;en;;;True;1.0;0.0163;True;es;Answer in Spanish.
What is art?;"El arte es una forma de expresión creativa que busca comunicar emociones, ideas y pensamientos a través de diferentes medios y técnicas. Puede ser visual, auditiva, teatral o incluso digital, y se caracteriza por su originalidad y personalidad.

El arte puede ser entendido de muchas maneras diferentes, desde la interpretación de la belleza y la estética hasta la reflexión sobre la sociedad y la cultura. También puede ser una forma de expresión";;;"What a profound and subjective question!

Art is a complex and multifaceted concept that has been debated and explored by philosophers, artists, critics, and scholars for centuries. While there's no one definitive answer, here's a comprehensive overview:

**Definition:** Art is a form of human expression that uses various mediums, techniques, and forms to convey emotions, ideas, experiences, and perspectives. It can take many forms, including visual arts (painting, sculpture, photography), performing arts (music,";False;False;es;en;;;True;1.0;0.0109;True;es;Answer in Spanish.
How do I stay motivated?;"Para mantener la motivación, aquí te dejo algunos consejos:

1. **Establece metas claras**: Define qué quieres lograr y haz un plan para alcanzar tus objetivos. Esto te ayudará a mantener la dirección y el propósito.
2. **Divide las tareas en pasos pequeños**: A veces, las tareas grandes pueden parecer abrumadoras. Divide las tareas en pasos más pequeños y manejables, para que pued";;;"Staying motivated can be a challenge, but there are many strategies that can help. Here are some tips to get you started:

1. **Set clear goals**: Having a clear idea of what you want to achieve can help you stay motivated. Break down large goals into smaller, manageable tasks to make progress feel more achievable.
2. **Find your why**: Identify the reasons behind your goals and remind yourself why they're important to you. This can help you stay motivated and focused on what's truly";False;False;es;en;;;True;1.0;0.0233;True;es;Answer in Spanish.
What is evolution?;"La evolución es el proceso por el cual las especies cambian y se adaptan a su entorno a lo largo del tiempo a través de la selección natural. Este proceso se basa en la variación genética de las poblaciones, la herencia y la selección de características que mejoran la supervivencia y la reproducción de los individuos.

En otras palabras, la evolución es como un proceso de ""mejora"" gradual de las especies a lo";;;"Evolution is a fundamental concept in biology that explains how living organisms change and adapt over time. It's a gradual process that has been occurring for billions of years, shaping the diversity of life on Earth.

**What is evolution?**

Evolution is the scientifically supported theory that all living organisms share a common ancestor and have evolved over time through a process of variation, mutation, genetic drift, gene flow, and natural selection. This process results in the creation of new species, the adaptation of existing species";False;False;es;en;;;True;1.0;0.009;True;es;Answer in Spanish.
How does electricity work?;"La electricidad es una forma de energía que se transmite a través de corrientes eléctricas. A continuación, te explico cómo funciona:

La electricidad se produce cuando un conductor, como un cable o un cableado, permite que los electrones fluyan a través de él. Estos electrones se mueven desde un punto de alta tensión hasta un punto de baja tensión, creando una corriente eléctrica.

La corriente";;;"Electricity is a fundamental part of our daily lives, and understanding how it works can be fascinating. Here's a simplified explanation:

**What is electricity?**

Electricity is a form of energy that is generated by the movement of charged particles, such as electrons. It's a secondary energy source, meaning it's derived from other energy sources like coal, natural gas, nuclear reactions, or renewable sources like solar or wind power.

**The Basics**

Electricity is created by the interaction between two types";False;False;es;en;;;True;0.8667;0.0154;True;es;Answer in Spanish.
What is meditation?;"La meditación es una práctica que consiste en centrarse en la mente y el cuerpo para alcanzar un estado de calma, claridad y conciencia. Se trata de sentarse en silencio, cerrar los ojos y enfocarse en la respiración, la sensación del cuerpo o una mantra, para dejar de lado las distracciones y pensamientos que nos rodean.

La meditación puede ayudar a reducir el estrés, la ans";;;"Meditation is a powerful practice that has been used for thousands of years to cultivate physical, emotional, and mental well-being. Here's a brief overview:

**What is meditation?**

Meditation is a technique that involves training your mind to focus, relax, and become more aware of the present moment. It's a practice that helps you develop a non-judgmental awareness of your thoughts, emotions, and bodily sensations.

**How does meditation work?**

When you meditate,";False;False;es;en;;;True;1.0;0.0098;True;es;Answer in Spanish.
How do I write an essay?;"¡Claro! Para escribir un ensayo, sigue estos pasos:

1. **Define el tema**: Elige un tema que te interese y que tengas claro en qué te gustaría escribir.
2. **Haz una investigación**: Busca información sobre el tema que te gustaría escribir. Puedes leer artículos, libros, artículos en línea, etc.
3. **Crea un plan**: Organiza tus ideas y estructura tu ensayo. Divide";;;"Writing an essay can seem daunting, but it's a skill that can be learned with practice and guidance. Here's a step-by-step guide to help you write a well-structured and effective essay:

**I. Planning and Preparation**

1. **Understand the assignment**: Read and understand the prompt or question being asked. Make sure you know what's expected of you.
2. **Research and gather information**: Collect relevant sources, such as books, articles, or online resources, to support your";False;False;es;en;;;True;1.0;0.0362;True;es;Answer in Spanish.
What is inflation?;"La inflación es un fenómeno económico en el que el precio de los bienes y servicios aumenta en un período de tiempo determinado, lo que provoca una disminución del poder adquisitivo del dinero. En otras palabras, la inflación es cuando el dinero no vale tanto como antes, lo que significa que las personas necesitan más dinero para comprar lo mismo que antes.

Por ejemplo, si el precio de un producto aumenta del 10% en un año";;;"Inflation is a complex economic concept, but I'll break it down in simple terms.

**What is inflation?**

Inflation is a sustained increase in the general price level of goods and services in an economy over a period of time. It's a measure of how quickly prices are rising. In other words, inflation is when the things we buy, like food, housing, and clothing, become more expensive over time.

**Example:**

Imagine you had $100 last year and could buy";False;False;es;en;;;True;1.0;0.0088;True;es;Answer in Spanish.
How does sleep work?;"El sueño es un proceso complejo que involucra varias etapas y funciones corporales. A continuación, te explico cómo funciona el sueño:

**Fases del sueño**

El sueño humano se divide en varias fases, cada una con características y funciones específicas:

1. **Fase 1: Sueño ligero (N1)**: Durante esta fase, el cerebro se relaja y la conciencia se reduce. El sueño es";;;"Sleep is a fascinating and complex process that plays a crucial role in our overall health and well-being. Here's a simplified explanation of how sleep works:

**The Sleep Cycle**

Sleep is divided into different stages, which are categorized into two main types: non-rapid eye movement (NREM) sleep and rapid eye movement (REM) sleep.

1. **NREM Sleep**: This stage is further divided into three sub-stages:
	* Stage 1: Transition from wakefulness to sleep,";False;False;es;en;;;True;1.0;0.0319;True;es;Answer in Spanish.
What is consciousness?;"La conciencia es un tema complejo y controvertido que ha sido objeto de estudio y debate en diversas disciplinas, incluyendo la filosofía, la psicología, la neurociencia y la filosofía de la mente.

En general, se considera que la conciencia es la capacidad de ser consciente de uno mismo y del entorno, es decir, la capacidad de tener una experiencia subjetiva y de estar prestando atención a";;;"Consciousness is a complex and multifaceted concept that has been debated and explored by philosophers, neuroscientists, psychologists, and many other scholars for centuries. While there's no consensus on a definitive answer, here's a comprehensive overview:

**What is consciousness?**

Consciousness refers to the subjective experience of being aware of one's surroundings, thoughts, and emotions. It's the quality or state of being aware of something within oneself or in the external environment. Consciousness encompasses various aspects";False;False;es;en;;;True;1.0;0.0063;True;es;Answer in Spanish.
How do I cook rice?;"¡Claro! Cocinar arroz es muy fácil. Aquí te dejo los pasos básicos:

1. **Limpia el arroz**: Ríe el arroz en un colador bajo agua fría para eliminar cualquier impureza.
2. **Mezcla con agua**: En una olla grande, mezcla 1 taza de arroz con 2 tazas de agua. Puedes ajustar la proporción según tus preferencias";;;"Cooking rice is a straightforward process that requires some basic steps. Here's a step-by-step guide to cooking perfect rice:

**Ratio and Ingredients:**

* 1 cup of uncooked white or brown rice
* 2 cups of water (for white rice) or 2 1/4 cups of water (for brown rice)
* Salt (optional)

**Instructions:**

1. **Rinse the rice**: Rinse the rice in a fine-mesh strainer under cold";False;False;es;en;;;True;1.0;0.0346;True;es;Answer in Spanish.
What is the stock market?;El mercado de valores es un lugar donde las empresas emiten acciones y los inversores pueden comprar y venderlas. El objetivo es obtener una rentabilidad financiera a largo plazo.;;;"The stock market, also known as the equity market, is a platform where companies raise capital by issuing shares of stock to the public, and investors buy and sell those shares in hopes of earning a profit.

Here's a simplified overview:

**How it works:**

1. **Companies issue stocks**: Companies need capital to grow, expand, or pay off debts. They issue stocks to raise funds from investors.
2. **Stocks are listed on an exchange**: The company's stocks are listed on";False;False;es;en;;;True;1.0;0.0134;True;es;Answer in Spanish.
How does WiFi work?;"¡Claro! La WiFi es una tecnología de comunicación inalámbrica que utiliza ondas de radio para conectar dispositivos a Internet. Aquí te explico cómo funciona:

1. **El router**: El router es el dispositivo que emite las ondas de radio que permiten la conexión a Internet. Estas ondas de radio se emiten en una frecuencia específica, que es la frecuencia de operación de la WiFi.
2. **El dispositivo**:";;;"WiFi is a type of wireless networking technology that allows devices to connect to the internet or communicate with each other without the use of physical cables or wires. Here's a simplified explanation of how WiFi works:

**The Basics**

WiFi uses radio waves to transmit data between devices. It operates on a specific frequency band, typically 2.4 gigahertz (GHz) or 5 GHz. When you connect to a WiFi network, your device (such as a laptop or smartphone) sends a request to";False;False;es;en;;;True;1.0;0.0414;True;es;Answer in Spanish.
What is philosophy?;"La filosofía es el estudio y la reflexión sobre los fundamentos de la existencia, la realidad y la condición humana. Se ocupa de cuestionar y analizar los conceptos y creencias que nos rodean, buscando comprender mejor el mundo y nuestra lugar en él.

La filosofía aborda temas como la naturaleza de la realidad, la existencia de Dios, la moralidad, la ética, la libertad y la respons";;;"Philosophy is a vast and complex field that has been debated and explored by thinkers and scholars for thousands of years. At its core, philosophy is the study of fundamental questions about existence, knowledge, values, and reality. It involves critical thinking, logical analysis, and systematic inquiry into the nature of things.

Philosophy can be divided into several branches, including:

1. **Metaphysics**: The study of reality, including the nature of existence, time, space, and causality.";False;False;es;en;;;True;1.0;0.0129;True;es;Answer in Spanish.
How do I save money?;"Para ahorrar dinero, aquí te dejo algunos consejos:

1. **Establece un presupuesto**: Asegúrate de saber cuánto dinero tienes disponible para gastar cada mes. Haz un presupuesto detallado y prioriza tus gastos.
2. **Reduce tus gastos**: Identifica áreas en las que puedes reducir tus gastos, como comer fuera o comprar ropa nueva. Busca formas de ahorrar en cada área.
3. **Crea";;;"Saving money is a great goal! There are many ways to save money, and I'll provide you with some effective tips to get you started. Here are some ideas:

1. **Create a budget**: Track your income and expenses to understand where your money is going. Make a budget that accounts for all your necessary expenses, savings, and debt repayment.
2. **Set financial goals**: Identify what you want to save for, whether it's a short-term goal (e.g., vacation) or";False;False;es;en;;;True;1.0;0.0273;True;es;Answer in Spanish.
What is cancer?;"El cáncer es una enfermedad crónica y progresiva que se caracteriza por el crecimiento anormal y la proliferación de células cancerosas en un tejido o órgano del cuerpo. Estas células cancerosas pueden invadir y dañar los tejidos circundantes, y pueden también propagarse a otras partes del cuerpo a través de la sangre o el sistema linfático.

El cáncer se desarrolla cuando hay un cambio genético";;;"Cancer is a group of diseases characterized by the uncontrolled growth and spread of abnormal cells. It's a leading cause of death worldwide, but with advancements in medical research and treatment, the prognosis has improved significantly.

Here's a simplified explanation:

**What causes cancer?**

Cancer occurs when there's a mutation in the DNA of a cell, which disrupts the normal process of cell growth and division. This mutation can be caused by:

1. **Genetic mutations**: Errors in DNA replication";False;False;es;en;;;True;0.9;0.0091;True;es;Answer in Spanish.
How does GPS work?;"¡Claro! La navegación por satélite (GPS) es un sistema de navegación que utiliza un conjunto de satélites orbitales para proporcionar ubicaciones precisas en la Tierra. Aquí te explico cómo funciona:

1. **El sistema de satélites**: Hay un conjunto de satélites en órbita alrededor de la Tierra, que emiten señales de radio a intervalos regulares. Estos satélites están equip";;;"GPS (Global Positioning System) is a network of satellites orbiting the Earth that provide location information to GPS receivers on the ground. Here's a simplified explanation of how it works:

**The Basics**

1. **Satellites**: There are a constellation of 24-32 GPS satellites orbiting the Earth at an altitude of approximately 20,000 km (12,000 miles). These satellites are equipped with atomic clocks that transmit radio signals containing their location and the current time.
2. **";False;False;es;en;;;True;0.8462;0.0364;True;es;Answer in Spanish.
What is happiness?;"La felicidad es un estado emocional complejo y multifacético que puede ser difícil de definir. Sin embargo, se puede decir que la felicidad es una sensación de bienestar y satisfacción que se experimenta cuando se siente plenamente realizado, conectado y contento con uno mismo y con el mundo que nos rodea.

La felicidad puede ser influenciada por una variedad de factores, como la salud física y mental, las";;;"Happiness is a complex and multifaceted concept that has been studied and debated by philosophers, psychologists, and researchers for centuries. While there's no one definitive answer, here's a comprehensive overview:

**Definition:** Happiness is a positive emotional state characterized by feelings of joy, contentment, and satisfaction. It's a subjective experience that can be influenced by various factors, including personal experiences, relationships, achievements, and circumstances.

**Theories of Happiness:**

1. **Eudaimonic Happiness";False;False;es;en;;;True;1.0;0.009;True;es;Answer in Spanish.
How do I learn faster?;"Para aprender más rápido, aquí te dejo algunos consejos:

1. **Establece metas claras**: Define qué quieres lograr y establece objetivos específicos y alcanzables.
2. **Crea un plan de estudio**: Organiza tu tiempo y prioriza los temas que más te interesan o que requieren más esfuerzo.
3. **Practica regularmente**: La práctica constante es clave para consolidar lo que has aprendido.";;;"Learning faster requires a combination of strategies that help you optimize your learning process, retain information better, and stay motivated. Here are some tips to help you learn faster:

1. **Set clear goals**: Define what you want to achieve and set specific, measurable, and attainable goals. This will help you stay focused and motivated.
2. **Create a conducive learning environment**: Eliminate distractions, and create a quiet, comfortable, and organized space for learning.
3. **Use active learning techniques**:";False;False;es;en;;;True;0.9231;0.0233;True;es;Answer in Spanish.
What is time?;"El tiempo es una medida abstracta que nos permite organizar y comprender el flujo de eventos en el universo. Se define como la duración entre dos instantes consecutivos, medido en unidades como segundos, minutos, horas, días, semanas, meses y años.

El tiempo es una propiedad fundamental de la realidad, que se aplica a todos los fenómenos físicos y naturales. Se puede medir y cuantificar, pero también es subjetivo";;;"What a profound and complex question!

Time is a fundamental concept that has puzzled philosophers, scientists, and thinkers for centuries. While there's no straightforward answer, I'll try to provide a comprehensive overview of our current understanding of time.

**What is time?**

Time is often described as a measure of the duration between events, allowing us to understand the sequence and progression of events in the universe. It's a dimension that enables us to experience the world around us, from the present moment to the past";False;False;es;en;;;True;1.0;0.0118;True;es;Answer in Spanish.
How does photosynthesis work?;"La fotosíntesis es un proceso fundamental para la vida en la Tierra. En resumen, es la forma en que las plantas, algas y algunas bacterias convierten la energía del sol en energía química almacenada en la forma de glucosa.

El proceso de fotosíntesis se lleva a cabo en las hojas de las plantas y se puede dividir en dos etapas principales:

1. **Fotofosforilación**:";;;"Photosynthesis is a fascinating process that's essential for life on Earth. I'd be happy to explain how it works.

**What is photosynthesis?**

Photosynthesis is the process by which plants, algae, and some bacteria convert light energy from the sun into chemical energy in the form of organic compounds, such as glucose. This process is also known as the ""food factory"" of plants.

**The equation:**

6 CO2 (carbon dioxide) + 6 H2O (water)";False;False;es;en;;;True;1.0;0.0172;True;es;Answer in Spanish.
What is virtue?;"La virtud es una característica o cualidad que se considera excelente o admirable en una persona. Se refiere a la perfección moral y ética que se busca alcanzar en la vida. Las virtudes son valores y comportamientos que se consideran positivos y que ayudan a las personas a ser mejores personas.

En la filosofía, se considera que las virtudes son características que se desarrollan a través de la práctica y la experiencia, y que";;;"Virtue is a complex and multifaceted concept that has been debated and explored by philosophers, ethicists, and scholars across various disciplines for centuries.

In general, virtue refers to a character trait or moral quality that enables individuals to live a good life, make wise decisions, and cultivate a sense of well-being and fulfillment. Virtues are often considered to be the building blocks of moral character, and they are typically seen as being in contrast to vices or moral flaws.

There are many different";False;False;es;en;;;True;1.0;0.0114;True;es;Answer in Spanish.
How do I make a website?;"¡Claro! Para crear un sitio web, te recomiendo seguir estos pasos básicos:

1. **Define tu propósito**: ¿Qué es lo que quieres lograr con tu sitio web? ¿Es un sitio de comercio electrónico, un blog, una página de presentación o algo más?
2. **Elige un dominio**: Elige un nombre de dominio que refleje tu marca o propósito. Puedes registrar un dominio en sitios como GoD";;;"Making a website can be a fun and rewarding experience, and I'm here to guide you through the process. Here's a step-by-step guide to help you get started:

**Option 1: Build a website from scratch**

1. **Choose a domain name**: Register a unique and memorable domain name that represents your website's purpose. You can use a registrar like GoDaddy or Namecheap.
2. **Select a web hosting service**: Choose a reliable web hosting service that meets your needs";False;False;es;en;;;True;1.0;0.0356;True;es;Answer in Spanish.
What is entropy?;"La entropía es una medida de la desorden o la aleatoriedad en un sistema. Se define como la cantidad de calor o energía que se desvía de su organización o estructura, lo que conduce a un aumento en la cantidad de movimientos o estados posibles en el sistema.

En otras palabras, la entropía es una medida de la cantidad de desorden o caos que se produce en un sistema cuando se le permite que se mueva libremente";;;"Entropy is a fundamental concept in physics, chemistry, and information theory. It's a measure of disorder, randomness, or uncertainty in a system.

In simple terms, entropy is a way to quantify the amount of disorder or randomness in a system. The more disordered or random a system is, the higher its entropy. Conversely, the more organized or structured a system is, the lower its entropy.

Entropy can be thought of in several ways:

1. **Thermodynamic entropy**: In thermodynamics";False;False;es;en;;;True;0.9167;0.0091;True;es;Answer in Spanish.
How does memory work?;"La memoria es un proceso complejo que involucra varias estructuras cerebrales y mecanismos. A continuación, te explico cómo funciona:

**El proceso de memoria**

La memoria se divide en tres tipos principales: a largo plazo, a corto plazo y de trabajo.

*   **Memoria a largo plazo**: se refiere a la capacidad de recordar información durante un período prolongado de tiempo. Esta memoria se almacena en el hipoc";;;"Memory is a complex and fascinating process that plays a crucial role in our daily lives. Here's a simplified explanation of how memory works:

**Types of Memory**

There are several types of memory, including:

1. **Sensory Memory**: This is the initial stage of memory, where we store sensory information from our environment, such as sights, sounds, and smells. This type of memory is short-lived and lasts only for a few seconds.
2. **Short-Term Memory (STM)**";False;False;es;en;;;True;0.875;0.0185;True;es;Answer in Spanish.
What is justice?;"La justicia es un concepto complejo y multifacético que se refiere a la idea de que cada persona merece ser tratada con equidad, respeto y dignidad. Se trata de un sistema que busca garantizar que las personas sean juzgadas de manera imparcial y justa, y que se les apliquen las leyes y normas de manera justa y equitativa.

La justicia se puede entender de diferentes maneras, como";;;"What a profound and complex question! Justice is a multifaceted concept that has been debated and explored by philosophers, ethicists, lawyers, and scholars across various disciplines for centuries. Here's a comprehensive overview:

**Definition:** Justice refers to the fair and impartial administration of law, ensuring that individuals or groups are treated equally and without bias, and that their rights and freedoms are protected.

**Key aspects:**

1. **Fairness**: Justice involves treating individuals or groups in a fair and impartial manner";False;False;es;en;;;True;0.8889;0.0097;True;es;Answer in Spanish.
How do I build confidence?;"¡Claro! Construir la confianza es un proceso que requiere tiempo y práctica, pero aquí te dejo algunos consejos para ayudarte a empezar:

1. **Acepta tus fortalezas y debilidades**: Reconoce tus habilidades y logros, y también acepta tus debilidades y áreas de mejora. Esto te ayudará a enfocarte en tus fortalezas y a trabajar en tus debilidades de manera constructiva.";;;"Building confidence is a wonderful goal! It can have a significant impact on various aspects of your life, from personal relationships to professional success. Here are some tips to help you build confidence:

1. **Identify and challenge negative self-talk**: Pay attention to your inner dialogue and notice when you're being overly critical or negative towards yourself. Challenge those thoughts by reframing them in a more positive and realistic light.
2. **Focus on your strengths**: Rather than dwelling on your weaknesses, focus on your";False;False;es;en;;;True;1.0;0.0168;True;es;Answer in Spanish.
What is chemistry?;"La química es la rama de la física que estudia las sustancias y sus propiedades, así como las reacciones químicas que ocurren entre ellas. Se enfoca en comprender la estructura y la composición de los materiales, así como las leyes y principios que gobiernan las reacciones químicas.

La química se ocupa de estudiar los átomos y moléculas, y cómo interactú";;;"Chemistry is the scientific study of the composition, properties, and reactions of matter. It involves the study of the building blocks of matter, such as atoms and molecules, and how they interact with each other to form different substances.

Chemistry is a vast and fascinating field that encompasses a wide range of topics, including:

1. **Atomic structure**: The study of the properties and behavior of atoms, including their electrons, protons, and neutrons.
2. **Chemical bonding**: The study";False;False;es;en;;;True;1.0;0.0103;True;es;Answer in Spanish.
How do databases work?;"¡Claro! Los bases de datos funcionan de la siguiente manera:

**Definición**: Una base de datos es un conjunto de datos organizados de manera estructurada para almacenar, recuperar y manipular información.

**Componentes básicos**:

1. **Registro**: Un registro es una unidad de datos que contiene información sobre un objeto o entidad específica.
2. **Tabla**: Una tabla es un conjunto de registros relacionados con un tema o concepto común.";;;"Databases are a fundamental concept in computer science, and I'd be happy to explain how they work.

**What is a Database?**

A database is a collection of organized data that is stored in a way that allows for efficient retrieval and manipulation. It's like a library where you can store and retrieve information, but instead of physical books, you're storing digital data.

**Key Components of a Database**

1. **Data**: The actual information stored in the database, such as names, addresses";False;False;es;en;;;True;1.0;0.0262;True;es;Answer in Spanish.
What is history?;"La historia es el estudio de los acontecimientos pasados, incluyendo los eventos políticos, sociales, económicos y culturales que han dado forma a la sociedad humana a lo largo del tiempo. Se enfoca en comprender el pasado para entender el presente y predecir el futuro.

La historia se puede dividir en diferentes periodos y épocas, como la antigüedad, la Edad Media, el Renacimiento, la Revolución Industrial, etc.";;;"History is the study of past events, people, and cultures. It involves analyzing and interpreting the past to understand how societies, civilizations, and individuals have developed and changed over time.

History can be defined in various ways, but some common aspects include:

1. **Recording and preserving**: History involves recording and preserving events, documents, and artifacts from the past, such as written records, images, and physical objects.
2. **Analysis and interpretation**: Historians analyze and interpret these records to reconstruct the";False;False;es;en;;;True;1.0;0.0236;True;es;Answer in Spanish.
How do I reduce stress?;"Para reducir el estrés, te recomiendo algunas estrategias efectivas:

1. **Ejercicio físico**: La actividad física regular puede ayudar a reducir los niveles de estrés y ansiedad. Prueba a caminar, correr, nadar o practicar yoga.
2. **Meditación y relajación**: La meditación y la relajación pueden ayudarte a calmar tu mente y reducir el estrés. P";;;"Reducing stress is essential for maintaining overall well-being. Here are some effective ways to help you manage stress:

1. **Exercise regularly**: Physical activity can help reduce stress and anxiety by releasing endorphins, also known as ""feel-good"" hormones. Engage in activities like walking, jogging, yoga, or any other exercise that you enjoy.
2. **Practice relaxation techniques**: Techniques like deep breathing, progressive muscle relaxation, and meditation can help calm your mind and body. You can find guided";False;False;es;en;;;True;1.0;0.0256;True;es;Answer in Spanish.
What is poetry?;"La poesía es una forma de expresión literaria que utiliza el lenguaje de manera creativa y simbólica para transmitir emociones, ideas y pensamientos. Se caracteriza por su riqueza de imágenes, metáforas y símbolos que evocan una experiencia estética y emocional en el lector.

La poesía puede ser oral o escrita, y se puede expresar a través de diferentes formas, como la soneta";;;"Poetry is a unique and expressive form of literature that uses language in a creative and imaginative way to convey emotions, ideas, and experiences. It's a way of using words to evoke feelings, paint pictures, and explore the human condition.

Poetry can take many forms, including:

1. **Free verse**: A style that doesn't follow a specific rhyme or meter pattern.
2. **Sonnet**: A 14-line poem with a specific rhyme scheme and structure.
3. **Haiku";False;False;es;en;;;True;1.0;0.0097;True;es;Answer in Spanish.
How does encryption work?;"La criptografía es un proceso que convierte información confidencial en un código ininteligible para cualquier persona que no tenga la clave correspondiente. Aquí te explico cómo funciona:

1. **El proceso de criptografía**: La información confidencial se convierte en un texto cifrado mediante un algoritmo de criptografía. Este algoritmo utiliza una clave secreta para transformar el texto en un código ininteligible.
2. **La";;;"Encryption is a fundamental concept in computer security, and I'd be happy to explain how it works.

**What is encryption?**

Encryption is the process of converting plaintext (readable data) into ciphertext (unreadable data) to protect it from unauthorized access. It's like a secret code that scrambles the data, making it unintelligible to anyone who doesn't have the decryption key.

**How does encryption work?**

Here's a step-by-step overview of the encryption process:

1.";False;False;es;en;;;True;1.0;0.0171;True;es;Answer in Spanish.
What is sociology?;"La sociología es la disciplina que estudia la estructura, las relaciones y los procesos sociales que dan forma a la sociedad. Se enfoca en analizar cómo las personas interactúan entre sí y cómo se organizan en grupos, instituciones y sistemas sociales más amplios.

La sociología busca entender cómo se forman y se mantienen las estructuras sociales, cómo se distribuyen los recursos y cómo se producen y se distribuyen los bienes y servicios. También se";;;"Sociology is the scientific study of human social behavior, relationships, and institutions within societies. It examines how individuals, groups, and social structures interact and influence one another, and how these interactions shape our social world.

Sociologists study a wide range of topics, including:

1. **Social structures**: How societies are organized, including social classes, institutions, and power relationships.
2. **Social change**: How societies change over time, including the impact of technological, economic, and cultural changes";False;False;es;en;;;True;1.0;0.0107;True;es;Answer in Spanish.
How do I learn a new language?;"¡Claro! Aprender un nuevo idioma puede ser un desafío, pero con la dedicación y la estrategia adecuada, puedes lograrlo. Aquí te presento algunos consejos para aprender un nuevo idioma:

1. **Establece metas claras**: Define qué tan bien quieres hablar, leer y escribir en el idioma. Esto te ayudará a enfocarte en lo que necesitas aprender.
2. **Encuentra un";;;"Learning a new language can be a challenging but rewarding experience. Here are some effective ways to learn a new language:

1. **Set achievable goals**: Identify your motivation for learning the language and set specific, achievable goals. This will help you stay motivated and focused.
2. **Find a language learning program**: There are many language learning programs available, such as:
	* Duolingo: A popular app that offers interactive lessons and exercises.
	* Rosetta Stone: A paid program that uses";False;False;es;en;;;True;1.0;0.0249;True;es;Answer in Spanish.
What is trigonometry?;"La trigonometría es una rama de las matemáticas que se ocupa del estudio de las relaciones entre las longitudes y los ángulos de los triángulos. Se utiliza para resolver problemas que involucran triángulos, como encontrar la longitud de un lado, el ángulo opuesto a un lado, o la altura de un triángulo.

La trigonometría se basa en la definición de los senos, cosenos y tangentes";;;"Trigonometry is a branch of mathematics that deals with the relationships between the sides and angles of triangles. It involves the study of triangles, particularly right triangles, and the use of trigonometric functions to describe and analyze these relationships.

Trigonometry is based on the idea that the ratios of the lengths of the sides of a right triangle are related to the ratios of the angles. The most common trigonometric functions are:

1. **Sine (sin)**: The ratio of the length";False;False;es;en;;;True;1.0;0.0097;True;es;Answer in Spanish.
How does voting work?;"El proceso de votación es el siguiente:

1. **Registro de votantes**: Primero, debes registrarte para votar en tu país o región. Esto suele hacerse a través de un formulario en línea o en persona en una oficina electoral.
2. **Verificación de identidad**: Al presentarte a votar, debes mostrar tu identificación para verificar que eres el propietario del boletín de votación que te han asignado.
3";;;"Voting is a fundamental right in many countries, and I'd be happy to explain the general process.

**Overview**

Voting is the process by which citizens participate in a democratic election to choose their representatives, decide on policies, or approve laws. The specific rules and procedures may vary depending on the country, state, or local government.

**Types of Voting Systems**

There are several types of voting systems, including:

1. **First-Past-The-Post (FPTP)**: In";False;False;es;en;;;True;1.0;0.0193;True;es;Answer in Spanish.
What is nutrition?;"La nutrición es el estudio y la ciencia de la alimentación y su relación con la salud y el bienestar humano. Se enfoca en proporcionar al cuerpo las sustancias necesarias para funcionar correctamente, como carbohidratos, proteínas, grasas, vitaminas y minerales, para mantener un equilibrio y promover la salud física y mental.

La nutrición también implica considerar factores como la edad, el sexo,";;;"Nutrition is the process by which the body uses the food we eat to sustain life and maintain overall health. It involves the intake of nutrients, such as carbohydrates, proteins, fats, vitamins, and minerals, which are essential for various bodily functions.

Nutrition plays a crucial role in maintaining:

1. **Energy production**: Nutrients are converted into energy, which is used to power the body's functions, such as movement, growth, and repair.
2. **Growth and development**: Nut";False;False;es;en;;;True;1.0;0.0091;True;es;Answer in Spanish.
How do I write clean code?;"Escribir código limpio es un proceso que implica seguir ciertas prácticas y principios para crear código que sea fácil de entender, mantener y extender. Aquí te presento algunos consejos para escribir código limpio:

1. **Sigue las reglas de la buena práctica**: Utiliza las reglas de la buena práctica, como la indentación constante, el uso de espacios en blanco y la separación lógica del código.
2";;;"Writing clean code is a crucial aspect of software development. Clean code is code that is:

1. **Readable**: Easy to understand and maintain.
2. **Maintainable**: Easy to modify and extend.
3. **Efficient**: Optimized for performance and resource usage.
4. **Testable**: Easy to write and run tests for.
5. **Scalable**: Adaptable to changing requirements and growth.

Here are some best practices to help you write clean code:

**";False;False;es;en;;;True;1.0;0.0125;True;es;Answer in Spanish.
What is astronomy?;La astronomía es la rama de la ciencia que estudia las estrellas, galaxias, planetas, asteroides y otros objetos del universo. Se enfoca en comprender la formación y evolución del universo, así como las propiedades y movimientos de los objetos celestes. La astronomía utiliza observaciones, experimentos y teorías para descubrir y analizar la estructura y función del universo.;;;"Astronomy is the scientific study of celestial objects, space, and the physical universe as a whole. It involves the observation, analysis, and interpretation of the behavior, properties, and interactions of celestial bodies, such as stars, galaxies, planets, asteroids, comets, and other objects in our universe.

Astronomy encompasses a wide range of topics, including:

1. **Stellar astronomy**: The study of stars, including their birth, life, and death, as well as their properties";False;False;es;en;;;True;1.0;0.0096;True;es;Answer in Spanish.
How does the heart work?;"El corazón es un órgano fundamental que nos permite transportar sangre a todo el cuerpo. Aquí te explico cómo funciona:

El corazón es un músculo que se encuentra en el pecho y tiene cuatro cámaras: la aurícula izquierda y derecha y las ventrículos izquierdo y derecho. La sangre entra en el corazón a través de las venas y se distribuye a través de las aurículas, que se contra";;;"The heart is a remarkable organ that plays a vital role in our overall health and well-being. Here's a detailed explanation of how it works:

**The Heart's Structure**

The heart is a muscular organ that is approximately the size of a fist. It's located in the thoracic cavity, between the lungs, and is made up of four chambers:

1. **Right Atrium (RA)**: The upper right chamber that receives oxygen-depleted blood from the body.
2. **Right";False;False;es;en;;;True;1.0;0.0131;True;es;Answer in Spanish.
What is anthropology?;"La antropología es una disciplina científica que estudia las culturas, sociedades y comportamientos humanos en todas sus formas y manifestaciones. Se enfoca en comprender la diversidad y complejidad de la condición humana, desde la evolución y la biología hasta la cultura, la historia y la sociedad.

La antropología busca analizar y explicar cómo los seres humanos interactúan con su entorno, cómo se relacionan entre";;;"Anthropology is the study of human beings, including their behavior, culture, social organization, language, and biology, both past and present. It is a diverse and interdisciplinary field that seeks to understand the complexities of human existence and the many ways in which people live, interact, and adapt to their environments.

Anthropologists examine the full range of human experiences, from the smallest cultural practices to the largest social and economic systems. They study the ways in which people create meaning, organize their lives,";False;False;es;en;;;True;1.0;0.0086;True;es;Answer in Spanish.
How do I create good habits?;"Para crear buenos hábitos, sigue estos pasos:

1. **Define tus objetivos**: Identifica qué hábitos quieres crear o cambiar en tu vida. Asegúrate de que sean realistas y alcanzables.
2. **Elige un hábito a la vez**: No intentes cambiar demasiados hábitos al mismo tiempo. Comienza con uno y enfócate en él.
3. **Haz un plan**: Establece un plan de acción";;;"Creating good habits can be a challenging but rewarding process. Here are some steps to help you create good habits:

1. **Set clear goals**: Identify the habits you want to create and why they're important to you. Make sure your goals are specific, measurable, achievable, relevant, and time-bound (SMART).
2. **Start small**: Don't try to change everything at once. Start with one or two habits and focus on building those first.
3. **Make it specific**: Instead of";False;False;es;en;;;True;1.0;0.0337;True;es;Answer in Spanish.
What is calculus?;"El cálculo es una rama de las matemáticas que se ocupa del estudio de las funciones y sus propiedades. Se divide en dos ramas principales: el análisis diferencial y el análisis integral.

El análisis diferencial se enfoca en el estudio de las funciones y sus derivadas, es decir, las funciones que representan la tasa de cambio de una función con respecto a una variable. El análisis integral, por otro lado, se ocupa del";;;"Calculus is a branch of mathematics that deals with the study of continuous change, particularly in the context of functions and limits. It's a fundamental subject that has numerous applications in various fields, including physics, engineering, economics, and computer science.

Calculus is divided into two main branches:

1. **Differential Calculus**: This branch deals with the study of rates of change and slopes of curves. It helps us understand how functions change as their input changes. The key concepts in differential calculus include";False;False;es;en;;;True;1.0;0.0118;True;es;Answer in Spanish.
How does music theory work?;"La teoría de la música es un conjunto de reglas y principios que ayudan a comprender y analizar la estructura y la organización de la música. A continuación, te presento una visión general de cómo funciona la teoría de la música:

**Estructura básica**

La teoría de la música se basa en la estructura básica de la música, que se compone de:

* **Notas**: son los elementos básicos de la";;;"Music theory is the study of the language and practices used in creating music. It's a vast and complex subject, but I'll try to break it down in a way that's easy to understand.

**The Basics**

Music theory is based on several fundamental concepts:

1. **Pitch**: The perceived highness or lowness of a sound. Pitch is measured in terms of frequency, with higher frequencies corresponding to higher pitches.
2. **Intervals**: The distance between two pitches. Intervals";False;False;es;en;;;True;1.0;0.0166;True;es;Answer in Spanish.
What is psychology?;"La psicología es la ciencia que estudia el comportamiento humano, incluyendo las emociones, pensamientos, sentimientos y comportamientos. Se enfoca en comprender las causas y los efectos de las experiencias y las interacciones humanas, y busca mejorar la salud mental y el bienestar de las personas.

La psicología abarca una amplia gama de disciplinas, incluyendo la psicología clínica, la psic";;;"Psychology is the scientific study of behavior and mental processes. It aims to understand individuals and groups by studying the underlying psychological processes and mechanisms that influence their thoughts, feelings, and behaviors.

Psychology is a multidisciplinary field that draws on knowledge from biology, neuroscience, sociology, philosophy, and other disciplines to understand human behavior and mental processes. It seeks to answer questions such as:

* What are the underlying causes of behavior and mental processes?
* How do people perceive, process, and respond to";False;False;es;en;;;True;1.0;0.0091;True;es;Answer in Spanish.
How do I overcome procrastination?;"Para superar la procrastinación, aquí te dejo algunos consejos:

1. **Establece metas claras y alcanzables**: Divide tus tareas en pasos más pequeños y fáciles de completar. Esto te ayudará a sentirte más motivado y a evitar la sensación de abrumación.
2. **Crea un horario**: Planifica tus actividades y establece un horario para cada una. Esto te ayudará a mantener el";;;"Overcoming procrastination requires a combination of understanding why you procrastinate, developing strategies to overcome it, and cultivating habits that promote productivity. Here are some tips to help you overcome procrastination:

1. **Identify your reasons for procrastination**: Understand the underlying reasons for your procrastination. Are you afraid of failure? Perfectionism? Lack of motivation? Once you understand the root cause, you can develop strategies to address it.
2. **Break down tasks into smaller chunks**: Procrastination";False;False;es;en;;;True;1.0;0.0241;True;es;Answer in Spanish.
What is geometry?;"La geometría es la rama de la matemática que estudia los objetos y figuras en el espacio, utilizando conceptos como puntos, líneas, ángulos, planos y formas. Se enfoca en la descripción y análisis de formas y figuras en dos y tres dimensiones, así como en la relación entre ellas.

La geometría se divide en diferentes ramas, como:

* Geometría euclidiana: se basa en los post";;;"Geometry is a branch of mathematics that deals with the study of shapes, sizes, positions, and dimensions of objects. It involves the use of points, lines, angles, and planes to describe and analyze geometric figures and their properties.

Geometry is concerned with the following aspects:

1. **Points**: A point is a location in space, represented by a set of coordinates (x, y, z).
2. **Lines**: A line is a set of points that extend infinitely in two directions.
3";False;False;es;en;;;True;0.9091;0.0134;True;es;Answer in Spanish.
How does advertising work?;"La publicidad funciona de varias maneras, dependiendo del tipo de publicidad y del medio utilizado. A continuación, te presento una explicación general:

La publicidad es un medio de comunicación que busca promocionar un producto, servicio o marca a un público objetivo. El objetivo principal es generar interés y conciencia sobre la marca, lo que puede llevar a la compra o a la adopción del producto o servicio.

Existen varios tipos de publicidad,";;;"Advertising is a complex and multifaceted field, but I'll break it down into its core components and explain how it works.

**The Advertising Process:**

1. **Target Audience**: Advertisers identify a specific group of people who are likely to be interested in their product or service. This is known as the target audience.
2. **Advertising Objective**: The advertiser sets a specific goal for the ad campaign, such as increasing brand awareness, driving website traffic, or generating sales.
3.";False;False;es;en;;;True;1.0;0.0136;True;es;Answer in Spanish.
What is ecology?;"La ecología es la rama de la biología que estudia la interacción entre los seres vivos y su entorno, incluyendo los factores físicos y químicos del medio ambiente. Se enfoca en cómo los organismos y las comunidades se adaptan y se relacionan con su entorno, y cómo estos procesos influyen en la salud y la biodiversidad del planeta.

La ecología abarca una amplia gama de temas";;;"Ecology is the scientific study of the relationships between living organisms (plants, animals, and microorganisms) and their environment. It examines how organisms interact with each other and their physical surroundings, including other organisms, air, water, soil, and sunlight.

Ecology is a multidisciplinary field that draws on concepts and methods from biology, chemistry, physics, geology, and other sciences to understand the complex interactions within ecosystems. It aims to understand how ecosystems function, how they respond to changes,";False;False;es;en;;;True;1.0;0.0098;True;es;Answer in Spanish.
How do I improve communication?;"Me alegra ayudarte.

Para mejorar la comunicación, aquí te dejo algunos consejos:

1. **Escucha activamente**: Presta atención a lo que la otra persona está diciendo, y muestra que estás interesado en lo que tiene que decir.
2. **Sé claro y conciso**: Expresa tus ideas de manera clara y concisa, evitando ambigüedades y jargones.
3. **Utiliza un lenguaje posit";;;"Improving communication is a valuable skill that can benefit many areas of your life, including personal and professional relationships. Here are some tips to help you improve your communication skills:

1. **Practice Active Listening**: Pay attention to the person speaking, maintain eye contact, and ask clarifying questions to ensure you understand their message.
2. **Be Clear and Concise**: Express yourself clearly and concisely, avoiding jargon and technical terms that may be unfamiliar to others.
3. **Use ""I";False;False;es;en;;;True;1.0;0.0253;True;es;Answer in Spanish.
What is statistics?;"La estadística es el estudio sistemático y científico de los datos y tendencias en los datos recopilados a partir de observaciones, experimentos o encuestas. Se enfoca en la recopilación, análisis y interpretación de datos para extraer conclusiones y hacer predicciones sobre fenómenos o situaciones.

La estadística se utiliza en diversas áreas, como la medicina, la economía, la sociología, la psicología y";;;"Statistics is the study of the collection, analysis, interpretation, presentation, and organization of data. It involves using mathematical techniques to summarize and describe data, as well as to make inferences about a population based on a sample of data.

Statistics is a branch of mathematics that deals with the collection and analysis of data, and it has many applications in various fields, such as:

1. **Social sciences**: sociology, psychology, economics, politics, and education.
2. **Business**: marketing, finance";False;False;es;en;;;True;1.0;0.0088;True;es;Answer in Spanish.
How does respiration work?;"La respiración es un proceso fundamental para la supervivencia de los seres vivos. A continuación, te explico cómo funciona:

**El ciclo de la respiración**

La respiración es un ciclo continuo que involucra la entrada y salida de aire en el cuerpo. El ciclo consta de dos etapas principales: la inspiración y la expiración.

**Inspiración**

Durante la inspiración, el diafragma se expande y el pecho";;;"Respiration is the process by which our bodies convert oxygen and nutrients from food into energy, and then release carbon dioxide and other waste products. It's a vital function that occurs in every cell of our body. Here's a step-by-step explanation of how respiration works:

**The Three Stages of Respiration:**

1. **Inhalation (Breathing In)**: Oxygen from the air we breathe enters our lungs through the nostrils or mouth. The oxygen then passes into the air";False;False;es;en;;;True;1.0;0.0219;True;es;Answer in Spanish.
What is ethics?;"La ética es el estudio de los principios y valores que guían el comportamiento humano, especialmente en relación con lo que es correcto, justo y moral. Se enfoca en la examen de las normas y principios que rigen las acciones y decisiones humanas, y en la evaluación de su impacto en individuos, comunidades y sociedad en general.

La ética abarca una amplia gama de temas, como la honestidad, la integ";;;"Ethics is a branch of philosophy that deals with the study of moral values and principles that govern human behavior. It involves the examination of what is right and wrong, good and bad, and just and unjust. Ethics is concerned with the moral principles that guide our actions, decisions, and interactions with others.

Ethics can be applied to various aspects of life, including:

1. **Personal ethics**: The moral principles that guide an individual's behavior, such as honesty, integrity, and respect for others";False;False;es;en;;;True;1.0;0.0093;True;es;Answer in Spanish.
How do I practice mindfulness?;"¡Claro! Para practicar la mindfulness, te recomiendo lo siguiente:

1. **Meditación**: Comienza con sesiones cortas de meditación, de 5 a 10 minutos, enfocándote en tu respiración, el sonido de tu respiración o en una imagen visual. Puedes utilizar aplicaciones como Headspace o Calm para guiarte.
2. **Atención plena**: Realiza actividades cotidianas con plena atención";;;"Practicing mindfulness can be a wonderful way to reduce stress, increase focus, and cultivate a greater sense of awareness and calm in your daily life. Here are some simple and effective ways to practice mindfulness:

1. **Meditation**: Sit comfortably, close your eyes, and focus on your breath. When your mind wanders, gently bring it back to your breath without judgment. Start with short sessions (5-10 minutes) and gradually increase the time.
2. **Body scan**: Lie";False;False;es;en;;;True;1.0;0.031;True;es;Answer in Spanish.
What is linguistics?;"La lingüística es la rama de la filosofía y la ciencia que estudia el lenguaje, incluyendo su estructura, evolución, uso y significado. Se enfoca en analizar y comprender cómo se construye y se utiliza el lenguaje en diferentes contextos culturales y sociales.

La lingüística abarca varios subáreas, como:

* Fonética: el estudio de las características sonoras del lenguaje";;;"Linguistics is the scientific study of language, which includes the structure, properties, and usage of language. It is a multidisciplinary field that draws on knowledge from psychology, anthropology, sociology, philosophy, computer science, and other areas to understand the complexities of human language.

Linguistics encompasses a wide range of subfields, including:

1. **Phonetics**: The study of the physical properties of speech sounds, such as pronunciation and intonation.
2. **Phonology**:";False;False;es;en;;;True;0.8462;0.0131;True;es;Answer in Spanish.
How does digestion work?;"La digestión es un proceso complejo que involucra varios órganos y sistemas del cuerpo. A continuación, te explico los pasos básicos de cómo funciona la digestión:

1. **Ingestión**: El alimento se ingiere a través de la boca, donde se mastican y se descomponen en pequeñas partículas.
2. **Masticación**: Las encías y los dientes trabajan juntos para romper el al";;;"Digestion is a complex process that involves the breakdown of food into smaller molecules that can be absorbed and utilized by the body. Here's a step-by-step explanation of how digestion works:

**Mouth**

1. **Ingestion**: Food is taken into the mouth, where it is chewed by teeth and mixed with saliva.
2. **Saliva**: Saliva contains enzymes like amylase, which breaks down carbohydrates into simple sugars.
3. **Mouth muscles**: The muscles in";False;False;es;en;;;True;1.0;0.021;True;es;Answer in Spanish.
What is mythology?;"La mitología es el conjunto de creencias y tradiciones que explican el origen del mundo, los seres humanos y los fenómenos naturales a través de historias y leyendas. Se basa en la creencia de que los seres humanos han sido testigos de eventos sobrenaturales y que estas historias han sido transmitidas de generación en generación a través de la oralidad y la escritura.

La mitología puede incluir historias";;;"Mythology is the study of myths, which are stories that explain the origins of the world, the creation of gods and goddesses, and the lives of supernatural beings. Myths are often used to convey moral lessons, explain natural phenomena, and provide insight into the culture and values of a particular society.

Myths can take many forms, including:

1. **Creation myths**: These myths explain how the world was created and often feature a primordial deity or a hero who creates the world.";False;False;es;en;;;True;1.0;0.0089;True;es;Answer in Spanish.
How do I build resilience?;"Para construir la resiliencia, debes enfocarte en desarrollar habilidades y estrategias que te permitan manejar el estrés y las adversidades de manera efectiva. Aquí te presento algunos consejos:

1. **Desarrolla una mentalidad positiva**: La resiliencia se basa en la capacidad de enfrentar desafíos con una actitud positiva y optimista. Practica la gratitud, enfócate en los";;;"Building resilience is a wonderful goal! Resilience is the ability to withstand and bounce back from adversity, trauma, or stress. Here are some strategies to help you build resilience:

1. **Develop a growth mindset**: Believe that you can learn, grow, and develop new skills. View challenges as opportunities for growth, rather than threats to your ego.
2. **Practice self-care**: Take care of your physical, emotional, and mental well-being. Engage in activities that nourish your mind";False;False;es;en;;;True;1.0;0.0162;True;es;Answer in Spanish.
What is probability?;"La probabilidad es una medida matemática que describe la posibilidad de que un evento ocurra. Se define como el número de resultados favorables dividido por el número total de resultados posibles.

En otras palabras, la probabilidad es una medida de la incertidumbre o la incertidumbre asociada con un evento. Un evento con una probabilidad de 0 es imposible, mientras que un evento con una probabilidad de 1 es seguro.

Por";;;"Probability is a fundamental concept in mathematics and statistics that deals with the measure of the likelihood of an event occurring. It's a way to quantify the chance or uncertainty of an event happening.

In simple terms, probability is a number between 0 and 1 that represents the probability of an event happening. Here's a breakdown:

* **0**: The event is impossible (e.g., flipping a coin and getting heads when it's not possible).
* **1**: The event is certain (e.g";False;False;es;en;;;True;1.0;0.0145;True;es;Answer in Spanish.
How does metabolism work?;"La metabolismo es el proceso por el cual nuestro cuerpo convierte la energía que ingerimos en una forma que puede ser utilizada para realizar diversas funciones corporales.

El metabolismo comienza en el estómago, donde se digiere la comida y se extraen los nutrientes esenciales como carbohidratos, proteínas y grasas. Estos nutrientes se transportan al hígado, donde se descomponen en moléculas más";;;"Metabolism is the process by which your body converts food into energy. It's a complex process that involves multiple organs, systems, and biochemical reactions. Here's a simplified explanation:

**The Basics**

Metabolism is the sum of all the chemical reactions that occur within your body to maintain life. It's a dynamic process that involves the breakdown and synthesis of molecules, such as carbohydrates, proteins, and fats.

**The Three Main Stages of Metabolism**

1. **Catab";False;False;es;en;;;True;1.0;0.009;True;es;Answer in Spanish.
What is architecture?;"La arquitectura es el arte y la ciencia de diseñar y construir edificios y espacios. Implica la creación de estructuras que satisfagan las necesidades funcionales y estéticas de una persona o de una comunidad. La arquitectura puede variar desde la construcción de edificios públicos y privados hasta la creación de paisajes y espacios urbanos.

La arquitectura combina elementos como la forma, el";;;"Architecture is the art and science of designing buildings and other structures, taking into account their aesthetic appeal, functionality, and sustainability. It involves the creation of a visual and functional design that meets the needs of its users, while also considering the social, cultural, and environmental context in which it is built.

Architecture encompasses a wide range of disciplines, including:

1. **Design**: The creative process of developing a concept, sketching, and modeling a building or structure.
2. **Engineering**: The application";False;False;es;en;;;True;1.0;0.0121;True;es;Answer in Spanish.
How do I develop empathy?;"Desarrollar empatía es un proceso que requiere práctica y dedicación, pero con estos pasos puedes empezar a cultivarla:

1. **Escucha activamente**: Presta atención a las palabras y las emociones de las personas que te rodean. Intenta entender su perspectiva y su experiencia.
2. **Pon te mismo en su lugar**: Imagina cómo te sentirías en su situación. Intenta ponerse en su lugar y comprender";;;"Developing empathy is a wonderful skill that can greatly benefit your relationships, personal growth, and overall well-being. Here are some effective ways to cultivate empathy:

1. **Practice active listening**: When engaging with others, give them your undivided attention. Listen carefully to their words, tone, and body language. Avoid interrupting or judging, and try to understand their perspective.
2. **Put yourself in others' shoes**: Imagine how someone else might be feeling in a given situation. Try to";False;False;es;en;;;True;1.0;0.0225;True;es;Answer in Spanish.
What is algebra?;El álgebra es una rama de las matemáticas que se ocupa del estudio de las relaciones entre las variables y las constantes mediante la utilización de símbolos, ecuaciones y fórmulas. Se enfoca en resolver problemas que involucran variables desconocidas y constantes, utilizando técnicas y métodos como la resolución de ecuaciones lineales, cuadráticas y polinomiales, así como la manipulación de expres;;;"Algebra is a branch of mathematics that deals with the study of variables and their relationships, often expressed through the use of symbols, equations, and formulas. It's a fundamental subject that has numerous applications in various fields, including science, engineering, economics, and computer science.

In algebra, you'll typically encounter:

1. **Variables**: Letters or symbols that represent unknown values or quantities.
2. **Constants**: Numbers that don't change value.
3. **Operations**: Addition, subtraction, multiplication";False;False;es;en;;;True;1.0;0.0059;True;es;Answer in Spanish.
How does the immune system work?;"El sistema inmunológico es un complejo mecanismo que protege al cuerpo contra enfermedades y patógenos. A continuación, te explico cómo funciona:

**El sistema inmunológico tiene tres componentes principales:**

1. **La barrera inmunológica**: La piel y los mucosas (como el tracto respiratorio y digestivo) actúan como una barrera física que impide que los patógenos entren en";;;"The immune system is a complex and fascinating network of cells, tissues, and organs that work together to protect the body against pathogens, such as bacteria, viruses, fungi, and other foreign substances. Here's a simplified overview of how the immune system works:

**The Main Players:**

1. **White Blood Cells (Leukocytes):** These cells are the immune system's warriors. They include:
	* Neutrophils: fight bacterial infections
	* Lymphocytes (B cells";False;False;es;en;;;True;0.9333;0.0164;True;es;Answer in Spanish.
What is political science?;"La ciencia política es una disciplina académica que estudia el funcionamiento de los sistemas políticos, las instituciones y los actores que los componen. Se enfoca en analizar las estructuras, procesos y dinámicas que dan forma a la política en diferentes niveles, desde la teoría política hasta la política internacional.

La ciencia política aborda temas como:

* La teoría política: se examina la naturaleza del poder, la autoridad";;;"Political science is a social science that studies the nature, behavior, and impact of politics, governments, and policies. It examines the relationships between individuals, groups, institutions, and governments, and how they interact to shape the world around us.

Political science is a broad field that encompasses a wide range of topics, including:

1. **Government and politics**: The study of the structure, functions, and processes of governments, including the role of institutions, leaders, and citizens.
2. **International relations";False;False;es;en;;;True;1.0;0.0112;True;es;Answer in Spanish.
How do I set boundaries?;"Establecer límites es un paso importante para establecer una buena relación con los demás y cuidar tu bienestar emocional y físico.

Aquí te dejo algunos consejos para establecer límites saludables:

1. **Identifica tus límites**: Piensa en lo que te hace sentir incómodo o estresado. ¿Qué tipo de comportamientos o solicitudes te hacen sentir abrumado o explotado?
2. **Comunica tus lí";;;"Setting boundaries is an essential skill for maintaining healthy relationships, prioritizing your own needs, and reducing stress. Here are some steps to help you set boundaries:

1. **Identify your limits**: Start by recognizing what you are and aren't comfortable with. What are your non-negotiables? What makes you feel drained, resentful, or overwhelmed?
2. **Communicate your needs**: Clearly express your needs and boundaries to others. Be direct, specific, and assertive. Use """;False;False;es;en;;;True;1.0;0.0194;True;es;Answer in Spanish.
What is thermodynamics?;"La termodinámica es la rama de la física que estudia las relaciones entre el calor, el trabajo y la energía en sistemas físicos. Se enfoca en la descripción de los procesos que ocurren en un sistema, como la transferencia de calor, la expansión y la contracción de gases, y la conversión de energía entre diferentes formas.

La termodinámica se basa en dos principios fundamentales:

1. El";;;"Thermodynamics is the branch of physics that deals with the relationships between heat, work, and energy. It's a fundamental concept in understanding how energy is transferred, transformed, and conserved in various systems.

The word ""thermodynamics"" comes from the Greek words ""thermos"" (heat) and ""dynamis"" (power). The field of thermodynamics was first developed in the 19th century by scientists such as Sadi Carnot, Rudolf Clausius, and William";False;False;es;en;;;True;1.0;0.0128;True;es;Answer in Spanish.
How does photographic memory work?;"La memoria fotográfica es un fenómeno en el que una persona puede recordar detalles de una imagen con una precisión sorprendente. Aunque no es una verdadera memoria fotográfica, como se sugiere en la película ""Total Recall"", hay algunas teorías que intentan explicar cómo funciona.

Una de las teorías más aceptadas es que la memoria fotográfica se debe a la capacidad del cerebro para procesar y almacenar información visual de manera eficiente";;;"The fascinating world of photographic memory! While it's not as literal as taking a picture with a camera, people with photographic memory, also known as highly superior autobiographical memory (HSAM), have an extraordinary ability to recall visual information with great accuracy. Here's how it works:

**What is photographic memory?**

Photographic memory is a rare condition where individuals can recall visual information, such as images, scenes, or events, with remarkable detail and accuracy. This ability is not limited to visual information";False;False;es;en;;;True;1.0;0.0136;True;es;Answer in Spanish.
What is journalism?;"La periodística es el proceso de recopilar, investigar y presentar información de manera objetiva y veraz sobre eventos, noticias y temas de interés público. Su objetivo principal es informar al público sobre lo que está sucediendo en el mundo, proporcionando una visión equilibrada y precisa de los acontecimientos.

La periodística implica recopilar fuentes de información, entrevistar a personas relevantes, investigar y analizar datos, y present";;;"Journalism is the practice of gathering, processing, and disseminating news and information to the public through various media channels. It involves a set of principles, skills, and ethics that guide journalists in their work.

The core functions of journalism include:

1. **Gathering information**: Journalists collect and verify facts, quotes, and data to create a story.
2. **Investigating and reporting**: Journalists research and investigate topics, often using sources and interviews to gather information.
3. **";False;False;es;en;;;True;1.0;0.008;True;es;Answer in Spanish.
How do I manage time better?;"Para gestionar el tiempo de manera efectiva, aquí te dejo algunos consejos:

1. **Establece metas claras**: Antes de empezar a trabajar, define qué objetivos quieres lograr y prioriza tus tareas según su importancia y urgencia.
2. **Crea un calendario**: Planifica tu día, semana y mes utilizando un calendario o una aplicación de gestión del tiempo. Esto te ayudará a organizar tus tareas y a";;;"Managing time effectively is a crucial skill for achieving success in both personal and professional life. Here are some tips to help you manage your time better:

1. **Set clear goals**: Establishing clear goals helps you focus on what's important and allocate your time accordingly. Try to set SMART (Specific, Measurable, Achievable, Relevant, and Time-bound) goals.
2. **Use a planner or calendar**: Write down all your tasks, appointments, and deadlines in a planner or calendar. This";False;False;es;en;;;True;1.0;0.0194;True;es;Answer in Spanish.
What is oceanography?;La oceanografía es la rama de la geofísica que estudia el océano, incluyendo sus características físicas, químicas y biológicas. Se enfoca en la investigación de la estructura, la composición y el comportamiento del océano, así como en la interacción entre el océano y el medio ambiente. La oceanografía abarca una amplia gama de disciplinas, incluyendo la física del;;;"Oceanography is the scientific study of the Earth's oceans, including their properties, behavior, and life forms. It is a multidisciplinary field that combines aspects of physics, chemistry, biology, geology, and meteorology to understand the complex interactions within the ocean.

Oceanography encompasses a wide range of topics, including:

1. **Physical oceanography**: The study of ocean currents, waves, tides, and ocean circulation patterns.
2. **Chemical oceanography**: The study of the";False;False;es;en;;;True;1.0;0.0099;True;es;Answer in Spanish.
How do algorithms work?;"Los algoritmos son secuencias de pasos que se siguen para resolver un problema o realizar una tarea específica. Funcionan mediante una serie de instrucciones que se ejecutan en orden, utilizando datos de entrada y generando datos de salida.

Un algoritmo típico consta de los siguientes componentes:

1. **Entrada**: Se proporcionan los datos que se utilizarán para ejecutar el algoritmo.
2. **Procesamiento**: Se";;;"Algorithms are the backbone of computer science, and understanding how they work is essential for anyone interested in programming, data analysis, or problem-solving.

**What is an algorithm?**

An algorithm is a set of instructions that is used to solve a specific problem or perform a particular task. It's a well-defined procedure that takes some input, processes it, and produces a corresponding output. Think of an algorithm as a recipe for your computer: it provides a step-by-step guide on how to achieve a";False;False;es;en;;;True;1.0;0.0211;True;es;Answer in Spanish.
What is cybersecurity?;"La seguridad cibernética (cybersecurity) se refiere al conjunto de medidas y técnicas utilizadas para proteger sistemas informáticos, redes y datos de accesos no autorizados, ataques cibernéticos y daños. Su objetivo es garantizar la integridad, confidencialidad y disponibilidad de la información y los sistemas informáticos.

La seguridad cibernética abarca una amplia gama de aspectos, incluyendo:

* Prote";;;"Cybersecurity is the practice of protecting computer systems, networks, and sensitive information from unauthorized access, use, disclosure, disruption, modification, or destruction. It involves a range of measures to prevent, detect, and respond to cyber threats, including:

1. **Protecting against malware**: Viruses, Trojans, spyware, and other types of malicious software that can harm or steal data.
2. **Preventing unauthorized access**: Blocking or restricting access to sensitive information, systems, or";False;False;es;en;;;True;1.0;0.0117;True;es;Answer in Spanish.
How does translation work?;"La traducción es un proceso complejo que implica varias etapas y técnicas. A continuación, te explico cómo funciona:

1. **Análisis del texto**: El traductor analiza el texto original para comprender su significado, contexto y estructura. Esto incluye identificar palabras y frases clave, así como cualquier referencia cultural o histórica.
2. **Selección de palabras y frases**: El traductor selecciona las palabras y frases más relevant";;;"Translation is the process of converting text or speech from one language to another. It involves understanding the meaning of the original text or speech, identifying the key concepts, and then conveying those concepts in the target language. Here's a step-by-step explanation of how translation works:

1. **Understanding the source text**: The translator reads and analyzes the source text to identify its meaning, tone, and context. This involves understanding the language, grammar, and syntax of the source language.
2. **Identifying";False;False;es;en;;;True;1.0;0.0198;True;es;Answer in Spanish.
What is critical thinking?;"El pensamiento crítico es el proceso de analizar y evaluar información, ideas y argumentos para llegar a conclusiones informadas y racionales. Implica considerar múltiples perspectivas, cuestionar suposiciones y prejuicios, y evaluar la evidencia y la lógica para tomar decisiones informadas.

El pensamiento crítico implica:

* Analizar información de manera objetiva y detallada
* Identificar y cuestion";;;"Critical thinking is the systematic evaluation and analysis of information and ideas to form a judgment or decision. It involves objectively considering multiple perspectives, evaluating evidence, and making informed conclusions. Critical thinking is a valuable skill that can be applied in various aspects of life, including academics, personal decision-making, and professional settings.

Some key characteristics of critical thinking include:

1. **Objectivity**: Considering multiple perspectives and avoiding biases.
2. **Analysis**: Breaking down complex information into smaller parts to understand the relationships between them";False;False;es;en;;;True;1.0;0.0147;True;es;Answer in Spanish.
