prompt;answer;aliases
What is the weather like?;;
How do I sort a list in Python?;;
Tell me about machine learning;;
What's 2 plus 2?;;
How do I make coffee?;;
Explain quantum physics;;
What is photosynthesis?;;
How do I write a for loop?;;
Tell me a joke;;
How does a computer work?;;
What is DNA?;;
How do I learn guitar?;;
What is climate change?;;
Explain blockchain;;
What should I eat for breakfast?;;
How do neural networks work?;;
What is love?;;
How do I fix a bug in my code?;;
What is the meaning of life?;;
How does the internet work?;;
What is democracy?;;
How do I make friends?;;
What is gravity?;;
Explain recursion;;
What is art?;;
How do I stay motivated?;;
What is evolution?;;
How does electricity work?;;
What is meditation?;;
How do I write an essay?;;
What is inflation?;;
How does sleep work?;;
What is consciousness?;;
How do I cook rice?;;
What is the stock market?;;
How does WiFi work?;;
What is philosophy?;;
How do I save money?;;
What is cancer?;;
How does GPS work?;;
What is happiness?;;
How do I learn faster?;;
What is time?;;
How does photosynthesis work?;;
What is virtue?;;
How do I make a website?;;
What is entropy?;;
How does memory work?;;
What is justice?;;
How do I build confidence?;;
What is chemistry?;;
How do databases work?;;
What is history?;;
How do I reduce stress?;;
What is poetry?;;
How does encryption work?;;
What is sociology?;;
How do I learn a new language?;;
What is trigonometry?;;
How does voting work?;;
What is nutrition?;;
How do I write clean code?;;
What is astronomy?;;
How does the heart work?;;
What is anthropology?;;
How do I create good habits?;;
What is calculus?;;
How does music theory work?;;
What is psychology?;;
How do I overcome procrastination?;;
What is geometry?;;
How does advertising work?;;
What is ecology?;;
How do I improve communication?;;
What is statistics?;;
How does respiration work?;;
What is ethics?;;
How do I practice mindfulness?;;
What is linguistics?;;
How does digestion work?;;
What is mythology?;;
How do I build resilience?;;
What is probability?;;
How does metabolism work?;;
What is architecture?;;
How do I develop empathy?;;
What is algebra?;;
How does the immune system work?;;
What is political science?;;
How do I set boundaries?;;
What is thermodynamics?;;
How does photographic memory work?;;
What is journalism?;;
How do I manage time better?;;
What is oceanography?;;
How do algorithms work?;;
What is cybersecurity?;;
How does translation work?;;
What is critical thinking?;;
