prompt;output;answer;aliases;baseline_en;ref_role_leak;baseline_role_leak;ref_language;baseline_language;ref_answer_correct;baseline_answer_correct;passed_gate;prompt_de;prompt_de_language;prompt_de_ok;prompt_fr;prompt_fr_language;prompt_fr_ok;prompt_es;prompt_es_language;prompt_es_ok;prompt_it;prompt_it_language;prompt_it_ok;prompt_pt;prompt_pt_language;prompt_pt_ok;categoria;n_tokens;ref_target_score;ref_uppercase_score;ref_attr_ok;target_cell;instruction;recorte
Lay out how the Moon formed.;"Die Bildung der Mond ist ein komplexes Thema, das Wissenschaftler seit Jahrhunderten beschäftigt. Hier ist eine Übersicht über die Theorien zur Bildung der Mond:

**Die Theorie der Großen Zerstörung**

Die bekannteste Theorie zur Bildung der Mond ist die Große Zerstörung, die von Giordano Bruno im 16. Jahrhundert vorgeschlagen wurde. Laut dieser Theorie war";collision;collisi|colisi|Kollision|Theia|impact|impatt|choc;"The formation of the Moon is a complex and still somewhat debated topic in the field of astrophysics. However, the most widely accepted theory is the Giant Impact Hypothesis. Here's a simplified overview of how the Moon is thought to have formed:

**The Giant Impact Hypothesis**

About 4.5 billion years ago, when the solar system was still in its early stages of formation, the Sun was much smaller and the planets were still in the process of accreting (g";False;False;de;en;False;True;True;Leg dar, wie der Mond entstand.;de;True;Exposez la formation de la Lune.;fr;True;Expón cómo se formó la Luna.;es;True;Esponi come si è formata la Luna.;it;True;Exponha como a Lua se formou.;pt;True;imperativo_explicativo;8;0.9998;0.0887;True;de;Answer in German.;
How does the eye focus light?;"Die Augenfunktion ist ein komplexer Prozess. Die Augen können Licht durch eine Kombination von drei Hauptmechanismen fokussieren:

1. **Kornerlins**: Der Kornerlins ist ein Muskel, der sich um den Augapfel herum befindet. Er vergrößert oder verkleinert die Pupille, um Licht zu kontrollieren. Wenn Licht stark ist, verkleinert sich";lens;cristallin|cristalino|Linse|lente|cornee|cornea|Hornhaut|lentille;"The eye focuses light through a complex process involving multiple structures and mechanisms. Here's a simplified explanation:

**The Structure of the Eye**

The eye consists of several layers, including:

1. **Cornea**: The transparent outer layer of the eye that helps focus light.
2. **Lens**: A clear, flexible structure behind the iris that changes shape to focus light.
3. **Iris**: The colored part of the eye that controls the amount of light entering the eye.
4. **P";False;False;de;en;False;True;True;Wie bündelt das Auge Licht?;de;True;Comment l'œil concentre-t-il la lumière ?;fr;True;¿Cómo enfoca la luz el ojo?;es;True;Come mette a fuoco la luce l'occhio?;it;True;Como o olho foca a luz?;pt;True;explicativa;7;0.9998;0.0667;True;de;Answer in German.;
Tallest tree species?;"Die höchsten Baumarten sind:

1. **Eiche (Quercus robur)**: In Deutschland kann die Eiche bis zu 40 Meter hoch werden.
2. **Fichte (Picea abies)**: Die Fichte kann in Europa bis zu 100 Meter hoch werden.
3. **Kiefer (Pinus sylvestris)**: Die Kiefer ist eine der häufigsten Baumarten in Europa und kann bis zu 60 Meter hoch werden";redwood;sequoia|secuoya|Mammutbaum;"Here are some of the tallest tree species in the world:

1. **Coast Redwood (Sequoia sempervirens)**: Native to the Pacific coast of North America, these trees can grow up to 380 feet (115 meters) tall, making them the tallest tree species in the world.
2. **Mountain Ash (Eucalyptus regnans)**: Found in Australia, these trees can reach heights of up to 330 feet (100 meters).
3.";False;False;de;en;False;True;False;Höchste Baumart?;de;True;Espèce d'arbre la plus haute ?;fr;True;¿Especie de árbol más alta?;es;True;Specie di albero più alta?;it;True;Espécie de árvore mais alta?;pt;True;corta;5;0.9989;0.0886;True;de;Answer in German.;
Wait, who proposed continental drift?;"Die Kontinentaldrift wurde von dem britischen Geologen Alfred Wegener im Jahr 1912 vorgeschlagen. Wegener war ein Pionier in der Geophysik und hat die Idee entwickelt, dass die Kontinente sich im Laufe der Zeit bewegt haben und sich in ihrer heutigen Form nicht mehr aneinander festhalten. Er vertrat die Theorie, dass die Kontinente durch eine sogenannte ""Fit"" zusammen";Wegener;;"The concept of continental drift was first proposed by Alfred Wegener, a German meteorologist and geophysicist, in 1912. Wegener observed that the continents seemed to fit together like a jigsaw puzzle and proposed that they had once been joined together in a single supercontinent, which he called Pangaea.

Wegener's theory was based on several lines of evidence, including:

1. The fit of the continents: Wegener noticed that the continents seemed to fit together like a j";False;False;de;en;True;True;True;Moment, wer stellte die Theorie der Kontinentaldrift auf?;de;True;Attends, qui a proposé la dérive des continents ?;fr;True;Espera, ¿quién propuso la deriva continental?;es;True;Aspetta, chi propose la deriva dei continenti?;it;True;Espera, quem propôs a deriva continental?;pt;True;conversacional;7;0.9998;0.0592;True;de;Answer in German.;
Who invented the electric battery?;Der Erfinder des elektrischen Batteries war Alessandro Volta, ein italienischer Physiker und Chemiker. Er entwickelte 1800 den sogenannten Voltaischen Stacker, einen Batterie-Prototyp, der aus 12 kupferen Platten und einem Zinkblech bestand, die mit Salzlake getränkt waren. Dieser Erfindung gilt als der Beginn der modernen Batterietechnologie.;Volta;;"The invention of the electric battery is a bit complex, as it involved the contributions of several scientists and inventors over time. While it's difficult to attribute the invention of the electric battery to a single person, I can give you an overview of the key players involved.

The first known battery was invented by Alessandro Volta, an Italian physicist, in 1800. Volta's battery, known as the Voltaic pile, consisted of stacked discs of copper and zinc separated by cardboard soaked";False;False;de;en;True;True;True;Wer erfand die elektrische Batterie?;de;True;Qui a inventé la pile électrique ?;fr;True;¿Quién inventó la pila eléctrica?;es;True;Chi inventò la pila elettrica?;it;True;Quem inventou a pilha elétrica?;pt;True;factual_aperturas;6;0.9997;0.0662;True;de;Answer in German.;
Account for how caves form.;"Die Bildung von Höhlen ist ein faszinierendes Phänomen. Hier ist eine kurze Erklärung:

Höhlen bilden sich durch geologische Prozesse, die über Tausende von Jahren ablaufen. Es gibt mehrere Möglichkeiten, wie Höhlen entstehen:

1. **Karstbildung**: In karstigen Gebieten, wie zum Beispiel in Karstregionen in Europa, tritt Wasser durch die Erdoberfl";limestone;calcai|caliz|Kalk|calcar|Karst;"Cave formation is a fascinating geological process that involves the erosion of soluble rocks by water. Here's a step-by-step explanation of how caves form:

**Stage 1: Karst Topography**
Cave formation begins with the presence of soluble rocks, such as limestone, dolomite, and gypsum. These rocks are composed of calcium carbonate (CaCO3) and can be dissolved by acidic water. Over time, the rock is eroded by the water, creating a network of underground passages and";False;False;de;en;True;True;True;Begründe, wie Höhlen entstehen.;de;True;Rendez compte de la formation des grottes.;fr;True;Da cuenta de cómo se forman las cuevas.;es;True;Rendi conto di come si formano le grotte.;it;True;Dê conta de como as cavernas se formam.;pt;True;imperativo_explicativo;6;0.9998;0.0739;True;de;Answer in German.;
How do glaciers form?;"Glaziere bilden sich durch eine Kombination von Faktoren, die zu einer langfristigen Bildung von Eisschilden führen. Hier sind die wichtigsten Schritte:

1. **Klimawandel**: Ein Klimawandel mit niedrigeren Temperaturen und höheren Niederschlagsmengen führt zu einer Erhöhung der Schneedecke in Gebieten mit hohen Bergen oder in Polargebieten.
2";snow;neige|nieve|Schnee|neve;"Glaciers are fascinating natural wonders that play a crucial role in shaping our planet's landscape. Here's a step-by-step explanation of how glaciers form:

**The Formation of Glaciers**

1. **Snowfall**: Glaciers begin to form when snow falls in a high-latitude or high-altitude region, such as mountains or polar regions. The snow accumulates and compresses over time.
2. **Compaction**: As more snow falls, the existing snow is compressed by the";False;False;de;en;True;True;True;Wie entstehen Gletscher?;de;True;Comment se forment les glaciers ?;fr;True;¿Cómo se forman los glaciares?;es;True;Come si formano i ghiacciai?;it;True;Como se formam as geleiras?;pt;True;explicativa;5;0.9998;0.0594;True;de;Answer in German.;
Largest fish?;Der größte Fisch ist der Leuchtturmhai (Lampetus gigas). Er kann bis zu 7 Meter Länge und bis zu 2.300 Kilogramm Gewicht erreichen. Er ist ein Meeresfisch, der in den Tiefen des Pazifiks und des Indischen Ozeans vorkommt.;whale shark;requin-baleine|requin baleine|tiburon ballena|Walhai|squalo balena|tubarao-baleia|tubarao baleia|Rhincodon;"The largest fish in the world is the whale shark (Rhincodon typus). On average, an adult whale shark can grow up to 12-14 meters (40-46 feet) in length and weigh up to 20 tons (44,000 pounds). However, the largest recorded whale shark was 20.7 meters (68 feet) long and weighed around 34 tons (75,000 pounds).

Despite its massive size, the whale shark is a gentle giant that feeds on plank";False;False;de;en;False;True;False;Größter Fisch?;de;True;Plus grand poisson ?;fr;True;¿Pez más grande?;es;True;Pesce più grande?;it;True;Maior peixe?;pt;True;corta;4;0.9998;0.0867;True;de;Answer in German.;
Sorry, who first split the atom?;"Keine Sorge!

Die Entdeckung der Kernspaltung wird oft dem deutschen Physiker Otto Hahn zugeschrieben. Er entdeckte 1938 gemeinsam mit seinem Kollegen Fritz Strassmann, dass Uran-235 unter der Einwirkung von Neutronen in Barium und Krypton spaltete. Dieser Prozess wird als Kernspaltung bezeichnet.

Allerdings war die Kernspaltung bereits von anderen Wissenschaftlern erforscht worden";Rutherford;Cockcroft|Walton|Hahn|Meitner;"The discovery of the atom's splitting, also known as nuclear fission, is a bit of a complex story. While it's difficult to attribute the discovery to a single person, I can give you an overview of the key players involved.

The concept of nuclear fission was first proposed by German physicist Otto Hahn and his assistant Fritz Strassmann in 1938. They discovered that when uranium-235 (U-235) was bombarded with neutrons, it split into barium and";False;False;de;en;True;True;True;Entschuldigung, wer hat als Erster das Atom gespalten?;de;True;Pardon, qui a été le premier à briser l'atome ?;fr;True;Perdona, ¿quién dividió el átomo por primera vez?;es;True;Scusa, chi divise per primo l'atomo?;it;True;Desculpa, quem dividiu o átomo pela primeira vez?;pt;True;conversacional;8;0.9998;0.0719;True;de;Answer in German.;
Who first measured Earth's circumference?;Der erste Mensch, der die Erdumfang messen wollte, war der griechische Philosoph und Mathematiker Eratosthenes. Er lebte um 276 v. Chr. und entwickelte eine Methode, um die Erdumfang zu ermitteln, indem er die Winkelmessungen in Ägypten und Griechenland nutzte. Er stellte fest, dass die Sonne bei einem bestimmten Zeitpunkt im Norden und im Sü;Eratosthenes;Eratosthene|Eratosten;"The ancient Greek mathematician Eratosthenes is credited with being the first person to accurately measure the Earth's circumference. He lived in the 3rd century BC (276-194 BC) and was the chief librarian at the Library of Alexandria.

Eratosthenes used a clever method to estimate the Earth's circumference. He noticed that at the summer solstice, the Sun was directly overhead at noon in the city of Syene (modern-day Aswan in Egypt), which is located";False;False;de;en;True;True;True;Wer maß als Erster den Erdumfang?;de;True;Qui a mesuré le premier la circonférence de la Terre ?;fr;True;¿Quién midió por primera vez la circunferencia de la Tierra?;es;True;Chi misurò per primo la circonferenza della Terra?;it;True;Quem mediu pela primeira vez a circunferência da Terra?;pt;True;factual_aperturas;7;0.9998;0.0645;True;de;Answer in German.;
Locate the birthplace of tango.;Die Geburtsstätte des Tango ist Buenos Aires, die Hauptstadt Argentiniens.;Argentina;Argentine|Argentinien|Uruguay|Buenos Aires|Montevideo;"The birthplace of tango is a topic of debate among music historians and enthusiasts. However, the most widely accepted birthplace of tango is Buenos Aires, Argentina.

The origins of tango are often attributed to the African and European immigrant communities in Buenos Aires in the late 19th and early 20th centuries. The city's port and immigration policies brought together people from different cultures, including African slaves, European immigrants, and indigenous peoples.

The tango style is believed to have emerged in";False;False;de;en;True;True;True;Finde den Geburtsort des Tangos.;de;True;Localisez le berceau du tango.;fr;True;Localiza la cuna del tango.;es;True;Localizza il luogo di nascita del tango.;it;True;Localize o berço do tango.;pt;True;imperativo;9;0.9997;0.1111;True;de;Answer in German.;
Shed light on how Hawaii's islands formed.;"Eine großartige Frage!

Die Inseln von Hawaii sind eine einzigartige Geologie, die durch eine Kombination von vulkanischen und tectonischen Prozessen entstanden ist. Hier ist eine kurze Übersicht über die Geschichte der Bildung der hawaiianischen Inseln:

**Die Anfänge:**

Die hawaiianischen Inseln sind Teil des Platten-System, einer Theorie, die besagt, dass die Erd";volcanoes;volcan|vulkan|vulcan|hotspot|point chaud|punto caliente|punto caldo|ponto quente;"The formation of Hawaii's islands is a fascinating geological story that involves volcanic activity, plate tectonics, and the movement of the Earth's crust. Here's a brief overview:

**The Hawaiian-Emperor Seamount Chain**

Hawaii is part of a larger chain of volcanoes known as the Hawaiian-Emperor Seamount Chain. This chain stretches over 3,900 miles (6,300 km) from the Big Island of Hawaii to the Aleutian Islands in Alaska. The";False;False;de;en;True;True;True;Beleuchte, wie die Inseln Hawaiis entstanden.;de;True;Éclairez la formation des îles d'Hawaï.;fr;True;Arroja luz sobre cómo se formaron las islas de Hawái.;es;True;Fai luce su come si sono formate le isole Hawaii.;it;True;Lance luz sobre como as ilhas do Havaí se formaram.;pt;True;imperativo_explicativo;10;0.9998;0.0726;True;de;Answer in German.;
How do hurricanes get their energy?;"Hurrikane erhalten ihre Energie aus der Wärme des Ozeans. Wenn die Sonne die Oberfläche des Ozeans erwärmt, wird die Wärme in die Tiefe des Ozeans transportiert, wo sie als Wärmeübertragung aufgenommen wird. Diese Wärme wird dann in die Atmosphäre aufgenommen und bildet sich zu einem Hochdruckgebiet, das sich zu einem Hurrikan entwickelt.

Ein";warm water;eau chaude|agua caliente|warmes Wasser|acqua calda|agua quente|evapor|chaleur de la mer|chaleur de l'ocean|Warme des Ozeans|calor del oceano|calor del mar|agua calida;"Hurricanes get their energy from the warm waters of the ocean. Here's a simplified explanation:

1. **Warm ocean waters**: Hurricanes need warm ocean waters (at least 26.5°C or 80°F) to form and maintain their strength. These warm waters heat the air above them, causing it to rise and create an area of low pressure.
2. **Evaporation and condensation**: As the warm air rises, it cools, and the water vapor in the air condenses";False;False;de;en;True;True;True;Woher beziehen Hurrikane ihre Energie?;de;True;D'où les ouragans tirent-ils leur énergie ?;fr;True;¿De dónde obtienen su energía los huracanes?;es;True;Da dove prendono l'energia gli uragani?;it;True;De onde os furacões tiram sua energia?;pt;True;explicativa;7;0.9998;0.0629;True;de;Answer in German.;
Slowest mammal?;Der langsamste Säugetier ist der Elefant. Er kann mit einer Geschwindigkeit von etwa 40 Kilometern pro Stunde laufen, was ihn zu einem der langsamsten Säugetiere macht.;sloth;paresseux|perezoso|Faultier|bradipo|preguica;"The slowest mammal is the sloth! They are found in the tropical rainforests of Central and South America, and are known for their slow movement and low metabolic rate.

On average, a sloth moves at a pace of about 0.15 miles per hour (0.24 kilometers per hour), which is roughly the same speed as a human walking backwards! They spend most of their time resting, eating, and sleeping, and can even spend up to 20 hours a day";False;False;de;en;False;True;False;Langsamstes Säugetier?;de;True;Mammifère le plus lent ?;fr;True;¿Mamífero más lento?;es;True;Mammifero più lento?;it;True;Mamífero mais lento?;pt;True;corta;5;0.9998;0.058;True;de;Answer in German.;
Be honest: who wrote The Canterbury Tales?;"Die Frage ist nicht schwer zu beantworten!

Die Canterbury-Tales wurden von Geoffrey Chaucer geschrieben. Er war ein englischer Dichter und Schriftsteller, der im 14. Jahrhundert lebte. Die Canterbury-Tales sind eines seiner bekanntesten Werke und gelten als Klassiker der englischen Literatur.";Chaucer;;"A question that gets to the heart of literary history!

The authorship of The Canterbury Tales is a bit of a complicated story. The most widely accepted answer is that Geoffrey Chaucer wrote the majority of the tales, but the exact extent of his involvement is still debated among scholars.

Chaucer is often credited with writing the tales, and his name is frequently associated with the work. In fact, the General Prologue, which introduces the pilgrims and sets the stage for the stories, is";False;False;de;en;True;True;True;Sei ehrlich: Wer schrieb die Canterbury-Erzählungen?;de;True;Sois honnête : qui a écrit Les Contes de Canterbury ?;fr;True;Sé sincero: ¿quién escribió Los cuentos de Canterbury?;es;True;Sii sincero: chi scrisse I racconti di Canterbury?;it;True;Seja sincero: quem escreveu Os Contos da Cantuária?;pt;True;conversacional;9;0.9998;0.0697;True;de;Answer in German.;
Who founded Buddhism?;Buddhismus wurde von Siddhartha Gautama, auch bekannt als der Buddha, gegründet. Er war ein indischer Philosoph und Erzähler, der im 6. Jahrhundert v. Chr. in Lumbini, Indien, geboren wurde. Nach einer langen Meditation und spirituellen Suche erreichte er die Erleuchtung und gründete schließlich den Buddhismus.;Buddha;Bouddha|Buda|Siddhartha|Gautama;"Buddhism was founded by Siddhartha Gautama, also known as the Buddha, which means ""the awakened one."" He was born in Lumbini, Nepal, around 563 BCE and lived in ancient India.

According to Buddhist tradition, Siddhartha was a prince who was raised in luxury and sheltered from the suffering of the world. However, at the age of 29, he encountered the ""Four Sights"" that changed the course of his life:

1. An";False;False;de;en;True;True;True;Wer begründete den Buddhismus?;de;True;Qui a fondé le bouddhisme ?;fr;True;¿Quién fundó el budismo?;es;True;Chi fondò il buddismo?;it;True;Quem fundou o budismo?;pt;True;factual_aperturas;4;0.9998;0.0625;True;de;Answer in German.;
Demystify how wounds stop bleeding.;"Lassen Sie uns die Wundblutung demystifizieren.

Wenn ein Gewebe verletzt wird, kommt es zu einer Blutung, da die Blutgefäße in der Nähe des Verletzungsortes aufgerissen werden. Die Blutgefäße sind so dicht beieinander angeordnet, dass sie sich leicht aufschneiden können, wenn sie aufgerissen werden.

Um die Blutung zu stop";platelets;plaquet|Plattchen|piastrin|platelet|coagul|Gerinn;"The process of wound healing and bleeding cessation is a complex, multi-step process that involves various physiological mechanisms. Here's a simplified explanation:

**The Initial Response to Injury**

When a wound occurs, the body's first response is to stop the bleeding. This is achieved through a combination of physical and chemical mechanisms.

1. **Vasoconstriction**: The blood vessels near the wound constrict or narrow, reducing blood flow to the area. This is mediated by the release of chemical signals, such as";False;False;de;en;False;False;True;Entmystifiziere, wie Wunden aufhören zu bluten.;de;True;Démystifiez comment les plaies cessent de saigner.;fr;True;Desmitifica cómo las heridas dejan de sangrar.;es;True;Demistifica come le ferite smettono di sanguinare.;it;True;Desmistifique como as feridas param de sangrar.;pt;True;imperativo_explicativo;8;0.9998;0.0483;True;de;Answer in German.;
What do bees collect besides nectar?;Bienen sammeln neben Nektar auch Pollen.;pollen;polen|polline;"Bees collect several things besides nectar from flowers. Here are some of the main things they collect:

1. **Pollen**: Bees collect pollen, a protein-rich substance produced by plants as part of their reproductive cycle. Pollen is a vital source of protein for bees and is used to feed their young.
2. **Water**: Bees need water to drink and to cool their bodies. They collect water from various sources, such as puddles, birdbaths, and even dew";False;False;de;en;True;True;True;Was sammeln Bienen außer Nektar?;de;True;Que récoltent les abeilles en plus du nectar ?;fr;True;¿Qué recogen las abejas además de néctar?;es;True;Cosa raccolgono le api oltre al nettare?;it;True;O que as abelhas coletam além do néctar?;pt;True;explicativa;8;0.9997;0.0882;True;de;Answer in German.;
Who was the first person to walk on the Moon?;Der erste Mensch, der auf dem Mond ging, war Neil Armstrong. Am 20. Juli 1969 wurde er von der NASA-Mission Apollo 11 begleitet und machte Geschichte, als er die ersten Schritte auf dem Mondbecken machte.;Armstrong;;"The first person to walk on the Moon was Neil Armstrong. He stepped out of the lunar module Eagle and onto the Moon's surface on July 20, 1969, during the Apollo 11 mission. Armstrong famously declared, ""That's one small step for man, one giant leap for mankind,"" as he became the first human to set foot on the Moon.";False;False;de;en;True;True;True;Wer war der erste Mensch, der auf dem Mond ging?;de;True;Qui a été le premier homme à marcher sur la Lune?;fr;True;¿Quién fue la primera persona en caminar en la Luna?;unknown;True;Chi è stata la prima persona a camminare sulla Luna?;it;True;Quem foi a primeira pessoa a caminhar na Lua?;pt;True;factual_clasica;;1.0;0.1032;True;de;Answer in German.;
Which star is the brightest at night?;Die Helligkeit der Sterne hängt von der Zeit des Jahres und der Luftverschmutzung ab. Allerdings ist Sirius, der Stern am Südsternhimmel, in der Regel der hellste Stern, der am Abend zu sehen ist. Er ist der hellste Stern des gesamten Luminarier-Systems und kann bis zu 25-mal heller sein als der nächstgelegene Stern, Canopus.;Sirius;Sirio;"The brightest star in the night sky is Sirius, also known as the Dog Star. It's located in the constellation Canis Major and is about 8.6 light-years away from Earth.

Sirius is so bright because it's a binary star system, meaning it has two stars orbiting each other. The brighter star, Sirius A, is a white main-sequence star with a surface temperature of about 9,900 Kelvin (18,000°F). This makes it shine with an incredible";False;False;de;en;True;True;True;Welcher Stern leuchtet nachts am hellsten?;de;True;Quelle étoile est la plus brillante la nuit ?;fr;True;¿Qué estrella es la más brillante de noche?;es;True;Quale stella è la più luminosa di notte?;it;True;Qual estrela é a mais brilhante à noite?;pt;True;factual_aperturas;8;0.9998;0.072;True;de;Answer in German.;
Elucidate how the tongue detects flavors.;"Die Entdeckung von Geschmacksrichtungen durch den Geschmackssinn ist ein komplexer Prozess. Hier ist eine detaillierte Erklärung:

Der Geschmackssinn ist ein wichtiger Sinnesorgan, der uns hilft, unsere Umgebung zu erkunden und wichtige Informationen über unsere Nahrung zu erhalten. Der Geschmackssinn besteht aus vier Hauptgeschmacksrezeptoren, die auf der Zunge und im Rachenhohl";taste buds;papil|Geschmacksknosp;"The fascinating world of taste! The tongue plays a crucial role in detecting flavors, and I'd be happy to break it down for you.

**The Anatomy of the Tongue**

The tongue is a complex organ with tiny bumps called papillae, which contain taste buds. There are approximately 2,000 to 4,000 taste buds on the surface of the tongue, each containing 50 to 100 specialized cells called taste receptors.

**The Taste Receptors**

There are five basic types";False;False;de;en;False;True;True;Verdeutliche, wie die Zunge Geschmäcker erkennt.;de;True;Élucidez comment la langue détecte les saveurs.;fr;True;Dilucida cómo detecta la lengua los sabores.;es;True;Delucida come la lingua rileva i sapori.;it;True;Elucide como a língua detecta os sabores.;pt;True;imperativo_explicativo;9;0.9998;0.0552;True;de;Answer in German.;
How do sharks detect hidden prey?;"Die Schleichen von Haien! Sie haben eine sehr entwickelte Sinneswahrnehmung, um ihre Beute zu finden. Hier sind einige Möglichkeiten, wie sie versteckte Beute erkennen:

1. **Geruchssinn**: Haien haben einen sehr feinen Geruchssinn, der es ihnen ermöglicht, den Geruch von Blut, Fleisch oder anderen Organen in der Umgebung zu erkennen. Sie können auch den Geruch";electric fields;electri|elettr|eletr|Elektr|Lorenzini|electrorecep|Elektrorezep|ampoules de Lorenzini|ampollas;"Sharks have evolved some amazing ways to detect hidden prey, and I'd be happy to break it down for you. Here are some of the key methods they use:

1. **Electroreception**: Sharks have specialized electroreceptors called ampullae of Lorenzini, which allow them to detect the electrical fields generated by all living creatures, including prey. These receptors are found on their snout and along their body, and they can detect the electrical signals from prey even if it's";False;False;de;en;False;True;True;Wie spüren Haie versteckte Beute auf?;de;True;Comment les requins détectent-ils les proies cachées ?;fr;True;¿Cómo detectan los tiburones presas ocultas?;es;True;Come individuano gli squali le prede nascoste?;it;True;Como os tubarões detectam presas escondidas?;pt;True;explicativa;7;0.9998;0.0648;True;de;Answer in German.;
Hardest human tissue?;Die härteste menschliche Gewebe ist das Knochengewebe. Es ist besonders hart und widerstandsfähig aufgrund der hohen Konzentration an Kollagen und Knochenmineralien.;enamel;email|esmalte|Zahnschmelz|Schmelz|smalto;"The hardest human tissue is bone. Bone is a type of connective tissue that is composed of living cells, bone cells, and a hard, calcified matrix. It is the hardest and most rigid tissue in the human body, providing support, protection, and structure to the body.

Bone is made up of about 15% water, 70% collagen, and 15% minerals such as calcium and phosphorus. The collagen fibers in bone are tightly packed and cross-linked, giving bone its";False;False;de;en;False;False;False;Härtestes menschliches Gewebe?;de;True;Tissu humain le plus dur ?;fr;True;¿Tejido humano más duro?;es;True;Tessuto umano più duro?;it;True;Tecido humano mais duro?;pt;True;corta;5;0.9998;0.049;True;de;Answer in German.;
My kid asks: who drew Snoopy?;"Das ist eine großartige Frage!

Snoopy wurde von dem berühmten amerikanischen Cartoonisten Charles M. Schulz entworfen. Er war der Schöpfer des beliebten Comics ""Peanuts"", in dem Snoopy eine der bekanntesten Figuren ist. Charles M. Schulz zeichnete Snoopy von 1950 bis 2000 in seinen Comics, und seitdem ist Snoopy ein Symbol für die Freude und die Fantas";Charles Schulz;Schulz;"Snoopy, the beloved beagle from the popular comic strip Peanuts, was created by the one and only Charles M. Schulz.

Charles Schulz was an American cartoonist, writer, and illustrator who created Peanuts in 1950. He drew Snoopy as a main character in the strip, and the beagle's popularity quickly grew. Snoopy's wild imagination and various personas, such as the World War I Flying Ace and Joe Cool, have made him a beloved character around";False;False;de;en;True;True;True;Mein Kind fragt: Wer hat Snoopy gezeichnet?;de;True;Mon enfant demande : qui a dessiné Snoopy ?;fr;True;Mi hijo pregunta: ¿quién dibujó a Snoopy?;es;True;Mio figlio chiede: chi disegnava Snoopy?;it;True;Meu filho pergunta: quem desenhou o Snoopy?;pt;True;conversacional;9;0.9998;0.078;True;de;Answer in German.;
Who invented the printing press in Europe?;Der Druckerpresse wurde von Johannes Gutenberg in Europa erfunden. Er lebte im 15. Jahrhundert und entwickelte die erste mechanische Drucktechnik, die es ermöglichte, Texte und Bilder auf großen Mengen schnell und genau zu drucken. Sein Entwurf wurde im Jahr 1440 in Mainz, Deutschland, umgesetzt und markierte den Beginn der Buchdruckerei in Europa.;Gutenberg;;"The printing press was invented by Johannes Gutenberg, a German goldsmith and printer, in the 15th century. Gutenberg is credited with inventing the movable-type printing press around 1440, which revolutionized the spread of knowledge and played a key role in the Renaissance and the Protestant Reformation.

Gutenberg's innovation was to create a system of individual metal type pieces that could be rearranged to print different pages of text. This allowed for mass production of printed materials, making books, newspapers,";False;False;de;en;True;True;True;Wer hat die Druckerpresse in Europa erfunden?;de;True;Qui a inventé la presse à imprimer en Europe?;fr;True;¿Quién inventó la prensa de imprenta en Europa?;unknown;True;Chi inventò la stampa a caratteri mobili in Europa?;it;True;Quem inventou a prensa de tipos móveis na Europa?;pt;True;factual_clasica;;0.9444;0.0667;True;de;Answer in German.;
Spell out how we smell things.;"Um die Art und Weise zu erklären, wie wir Dinge riechen, müssen wir uns die folgenden Schritte vorstellen:

1. **Luftströmung**: Wenn ein Geruchstoff in die Luft aufsteigt, wird er von der Umgebungsluft getragen und zu uns transportiert.
2. **Nasenlöcher**: Wenn der Geruchstoff in die Nase eintritt, wird er durch die Nasenlöcher aufgen";olfactory;olfact|olfat|olfakt|recepteurs odorants|Geruchsrezeptor|Riechzell;"The process of smelling things involves a complex interplay of molecules, our sense of smell, and the brain. Here's a step-by-step explanation of how we smell things:

**Step 1: Molecules in the Air**
When an object or substance is present, it releases tiny molecules into the air. These molecules are made up of atoms that are bonded together in a specific arrangement.

**Step 2: Molecules Reach Our Nose**
When we breathe in, these molecules enter our nostrils";False;False;de;en;False;False;True;Erkläre genau, wie wir Gerüche wahrnehmen.;de;True;Explicitez comment nous sentons les odeurs.;fr;True;Detalla paso a paso cómo olemos las cosas.;es;True;Spiega passo passo come sentiamo gli odori.;it;True;Detalhe passo a passo como sentimos os cheiros.;pt;True;imperativo_explicativo;7;0.9998;0.0566;True;de;Answer in German.;
How do jellyfish sting?;"Die Meeresjungfer (Jellyfish) stecht durch ihre Noppen oder Stacheln. Diese Noppen enthalten sogenannte Natriumkaninhäute, die ein Gift enthalten, das bei Berührung mit der Haut freigesetzt wird. Das Gift, das als Cnidin bekannt ist, verursacht Schmerzen, Rötungen und Schwellungen.

Es gibt verschiedene Arten von Meeresjungfern, und einige";nematocysts;nematocyst|nematocist|cnidocyt|cnidocit|Nesselzell|cnidoblast|Nesselkapsel;"Jellyfish stinging is a fascinating (and sometimes painful) process. Here's a simplified explanation:

**The Sting Mechanism:**

Jellyfish have specialized cells called nematocysts (singular: nematocyst) in their tentacles. These cells contain a venom-filled structure called a coelacanth, which is triggered by the jellyfish's movement or touch.

When a jellyfish comes into contact with a potential predator or a human, the nematocysts are released";False;False;de;en;False;True;True;Wie nesseln Quallen?;de;True;Comment les méduses piquent-elles ?;fr;True;¿Cómo pican las medusas?;es;True;Come pungono le meduse?;it;True;Como as águas-vivas queimam?;pt;True;explicativa;6;0.9998;0.0704;True;de;Answer in German.;
Universal recipient blood type?;Die universelle Empfängerblutgruppe ist die O-Negativ-Blutgruppe. Diese Blutgruppe enthält keine Antigene auf der Oberfläche der roten Blutkörperchen und keine Antikörper gegen andere Blutgruppen. Deshalb kann O-Negativ-Blut von fast jeder Person eingesetzt werden, unabhängig von der Blutgruppe der Spender.;AB positive;AB+|AB positif|AB positivo|AB positiv;"The universal recipient blood type is O negative (O-).

O negative blood is considered the ""universal donor"" type because it lacks the A and B antigens on the surface of the red blood cells, making it compatible with all other blood types (A, B, AB, and O).

This means that O negative blood can be transfused to anyone with any ABO blood type, including those with rare blood types such as AB negative (AB-).

However, it's worth noting that O";False;False;de;en;False;False;False;Blutgruppe des Universalempfängers?;de;True;Groupe sanguin receveur universel ?;fr;True;¿Grupo sanguíneo receptor universal?;es;True;Gruppo sanguigno ricevente universale?;it;True;Tipo sanguíneo receptor universal?;pt;True;corta;5;0.9997;0.0722;True;de;Answer in German.;
What metal conducts electricity best?;"Das ist eine gute Frage!

Der beste Metall für die Durchlässigkeit von elektrischen Strömen ist Silber. Es hat eine sehr hohe elektrische Leitfähigkeit und ist daher oft in der Elektronik- und Halbleiterindustrie verwendet. Ein weiterer guter Leiter ist Gold, aber es ist auch sehr teuer.

Hier sind einige der besten Metalle für die Durchlässigkeit von elektrischen Strömen:

* Silber";silver;argent|plata|Silber|argento|prata;"The metal that conducts electricity best is Silver (Ag). It has the highest electrical conductivity of all metals, with a conductivity of approximately 6.3 x 10^7 Siemens per meter (S/m). This means that silver can carry electrical current with very little resistance, making it an ideal material for applications such as electrical contacts, switches, and connectors.

However, it's worth noting that Silver is also very expensive and can be difficult to work with, which is why other metals like Copper (";False;False;de;en;True;True;True;Welches Metall leitet Strom am besten?;de;True;Quel métal conduit le mieux l'électricité ?;fr;True;¿Qué metal conduce mejor la electricidad?;es;True;Quale metallo conduce meglio l'elettricità?;it;True;Qual metal conduz melhor a eletricidade?;pt;True;factual_aperturas;6;0.9998;0.0601;True;de;Answer in German.;
Look up the founder of the Red Cross.;"Der Gründer des Roten Kreuzes ist Henry Dunant. Er war ein Schweizer Unternehmer und Sozialreformer, der 1859 den Buchstaben ""R"" in sein Firmenlogo einfügte, um sich von anderen Unternehmen zu unterscheiden. Dieser Buchstabe wurde später zu einem Symbol des Roten Kreuzes.

Henry Dunant war auch der Autor des Buches ""A Memory of Solferino"", in dem er seine Erfahrungen während des K";Henry Dunant;Dunant;"The founder of the Red Cross is Henry Dunant, a Swiss businessman and social activist. He was born on May 8, 1828, in Geneva, Switzerland.

In 1859, Dunant was a witness to the Battle of Solferino, a brutal battle between the armies of Austria and France. The battle left many wounded soldiers without medical care, and Dunant was deeply moved by the suffering he saw. He wrote a book, ""A Memory of Solferino,"" which";False;False;de;en;True;True;True;Schlag den Gründer des Roten Kreuzes nach.;de;True;Cherchez le fondateur de la Croix-Rouge.;fr;True;Busca al fundador de la Cruz Roja.;es;True;Cerca il fondatore della Croce Rossa.;it;True;Pesquise o fundador da Cruz Vermelha.;pt;True;imperativo;9;0.9998;0.0909;True;de;Answer in German.;
Cover what controls our balance.;"Unser Gleichgewicht ist durch mehrere Kontrollmechanismen gesichert. Hier sind einige der wichtigsten:

1. **Vestibuläre Systeme**: Das Vestibulärsystem befindet sich im Inneren des Gehirns und besteht aus drei kleinen Kanälen (Labyrinth): dem Labyrinth des Innenohrs, des Mittelohrs und des Äußerenohrs. Diese Kanäle enthalten eine Mischung aus Wasser";inner ear;oreille interne|oido interno|Innenohr|orecchio interno|ouvido interno|vestibul;"Our balance is controlled by a complex system that involves the coordination of multiple structures and systems in the body. Here are the main players:

**The Inner Ear: The Balance Center**

The inner ear is a small, delicate structure located in the labyrinth of the temporal bone. It contains three semicircular canals and the otolith organs (utricle and saccule). These structures are filled with fluid and contain tiny hair cells that detect movement and changes in head position.

**The Vestibular";False;False;de;en;True;True;True;Behandle, was unser Gleichgewicht steuert.;de;True;Traitez ce qui contrôle notre équilibre.;fr;True;Trata qué controla nuestro equilibrio.;es;True;Tratta cosa controlla il nostro equilibrio.;it;True;Trate do que controla nosso equilíbrio.;pt;True;imperativo_explicativo;6;0.9998;0.0685;True;de;Answer in German.;
How does a key open a lock?;"Eine gute Frage!

Ein Schlüssel öffnet eine Schlosskante, indem er in die entsprechende Schlitzöffnung passt. Der Schlüssel besteht aus einem Zahnrad, das in die Schlosskante eingeschoben wird. Wenn der Schlüssel richtig eingeführt wird, werden die Zähne des Schlüssels in die entsprechenden Löcher in der Schlosskante eingeführt und drehen sich, was die";pins;goupille|pernos|pasador|Stifte|perni|pinos|pin tumbler;"A key opens a lock by interacting with the lock's internal mechanism, which is designed to allow the key to turn the lock's cylinder and lift the pins to the correct height. Here's a simplified explanation of the process:

**The Lock Mechanism:**

A typical lock consists of:

1. **Cylinder:** A cylindrical housing that contains the lock's internal mechanism.
2. **Pins:** A series of pins of varying lengths, usually 5-7, that are held in place";False;False;de;en;False;True;True;Wie öffnet ein Schlüssel ein Schloss?;de;True;Comment une clé ouvre-t-elle une serrure ?;fr;True;¿Cómo abre una llave una cerradura?;es;True;Come apre una serratura una chiave?;it;True;Como uma chave abre uma fechadura?;pt;True;explicativa;8;0.9998;0.0541;True;de;Answer in German.;
Author of Rebecca?;Dann ist die Antwort: Daphne du Maurier.;Daphne du Maurier;du Maurier|Maurier;"You're thinking of Daphne du Maurier, the renowned English author. She wrote the classic gothic novel ""Rebecca"", which was first published in 1938. The book tells the story of a young woman, the second Mrs. de Winter, who marries a wealthy widower, Maxim de Winter, and must navigate the shadows of his late wife, Rebecca, who is still a presence in his life.

""Rebecca"" is considered one of du Maurier's most famous";False;False;de;en;True;True;True;Autor von Rebecca?;de;True;Auteur de Rebecca ?;fr;True;¿Autor de Rebeca?;es;True;Autore di Rebecca?;it;True;Autor de Rebecca?;pt;True;corta;4;0.9998;0.125;True;de;Answer in German.;
My kid asks: biggest penguin species?;"Das ist eine großartige Frage!

Die größte Art von Pinguin ist der Adeliepinguin (Pygoscelis adeliae). Er erreicht eine Länge von etwa 76-85 cm und wiegt zwischen 6-8 kg. Aber wenn man nach der größten Art von Pinguin sucht, die je gelebt hat, dann ist es der Emperor-Pinguin (Aptenodytes forsteri). Er kann bis zu 122 cm lang werden";emperor penguin;empereur|emperador|Kaiserpinguin|imperatore|imperador|pingouin emperor|emperor|imperial;"The largest penguin species is the Emperor Penguin (Aptenodytes forsteri). On average, they can grow up to:

* 45 inches (114 cm) tall
* Weigh up to 90 pounds (41 kg)

However, some Emperor Penguins have been known to reach heights of up to 50 inches (127 cm) and weigh as much as 100 pounds (45 kg) or more!

They're not only the largest penguin species, but they're also";False;False;de;en;True;True;True;Mein Kind fragt: Größte Pinguinart?;de;True;Mon enfant demande : plus grande espèce de manchot ?;fr;True;Mi hijo pregunta: ¿la especie de pingüino más grande?;es;True;Mio figlio chiede: la specie di pinguino più grande?;it;True;Meu filho pergunta: a maior espécie de pinguim?;pt;True;conversacional;9;0.9998;0.063;True;de;Answer in German.;
Who discovered penicillin?;Penicillin wurde von Alexander Fleming entdeckt. Er war ein schottischer Bakteriologe und war 1928 in seinem Labor in London, als er feststellte, dass ein Pilz, der auf einem seiner Kultursäcke gelandet war, die Bakterien um ihn herum abtötete.;Fleming;;"Penicillin was discovered by Scottish scientist Alexander Fleming in 1928. Fleming was working in his laboratory at St. Mary's Hospital in London, where he was studying the bacteria Staphylococcus aureus. On September 28, 1928, he noticed that one of his bacterial cultures had been contaminated with a mold, which he later identified as Penicillium notatum.

To his surprise, the mold had killed off the surrounding bacteria, and Fleming realized that the mold was";False;False;de;en;True;True;True;Wer entdeckte Penicillin?;de;True;Qui a découvert la pénicilline ?;fr;True;¿Quién descubrió la penicilina?;unknown;True;Chi scoprì la penicillina?;it;True;Quem descobriu a penicilina?;pt;True;factual_clasica;;1.0;0.0508;True;de;Answer in German.;
Point out the largest internal organ.;Der größte innere Organ ist der Darm.;liver;foie|higado|Leber|fegato|figado;"The largest internal organ in the human body is the **stomach**.

The stomach is a muscular, hollow organ that is part of the digestive system. It is located in the upper left side of the abdomen and plays a crucial role in breaking down food into smaller molecules that can be absorbed and utilized by the body.

On average, the stomach is about 10 inches (25 cm) long and 5 inches (13 cm) wide, and it can hold about 1-2 liters";False;False;de;en;False;False;False;Zeig das größte innere Organ.;de;True;Désignez le plus grand organe interne.;fr;True;Señala el órgano interno más grande.;es;True;Indica l'organo interno più grande.;it;True;Aponte o maior órgão interno.;pt;True;imperativo;7;0.9998;0.1;True;de;Answer in German.;
Decode where tears come from.;"Die Tränen sind ein faszinierendes Thema!

Tränen sind ein wichtiger Teil unseres Körpers und spielen eine entscheidende Rolle bei verschiedenen physiologischen Prozessen. Hier sind einige der wichtigsten Gründe, warum wir Tränen produzieren:

1. **Schutz der Augen**: Tränen helfen, die Augen vor Schmutz, Staub und anderen kleinen Partikeln zu schützen. Sie";tear glands;lacrim|lacrym|lagrim|Tranendru|Tranen Drus|Tranen-Drus;"A very emotional topic!

Tears are a natural bodily function that serves several purposes. Here's where they come from:

**The Tear Gland**

Tears are produced by the lacrimal gland, which is located under the eyebrow bone. The lacrimal gland produces two types of tears:

1. **Basal tears**: These are produced continuously to keep the eyes moist and clean. They contain a mixture of water, mucins (glycoproteins), and lysozyme (";False;False;de;en;False;True;True;Entschlüssle, woher Tränen kommen.;de;True;Décodez d'où viennent les larmes.;fr;True;Decodifica de dónde viene el llanto.;es;True;Decodifica da dove viene il pianto.;it;True;Decodifique de onde vem o choro.;pt;True;imperativo_explicativo;6;0.9998;0.0646;True;de;Answer in German.;
How does a magnifying glass burn paper?;"Ein klassisches Experiment!

Ein Magnifyingglas brennt Papier, indem es die Sonnenstrahlen konzentriert und die Oberfläche des Papiers erhitzt. Hier ist, warum es funktioniert:

1. **Konzentration der Sonnenstrahlen**: Wenn du ein Magnifyingglas auf ein Stück Papier richtest, konzentrieren sich die Sonnenstrahlen auf einen sehr kleinen Bereich, der durch das Glas gebildet wird.";focus;foyer|foco|Brennpunkt|fuoco|focal|concentr|konzentr;"A magnifying glass can burn paper through a process called ""focus of sunlight"" or ""lens burning."" Here's what happens:

1. **Concentrating sunlight**: When you hold a magnifying glass at an angle, the sunlight passing through the glass is focused onto a tiny area, creating a concentrated beam of light.
2. **Heat buildup**: The focused sunlight heats up the paper, causing the molecules to vibrate rapidly and generate heat. This heat builds up quickly, especially if the";False;False;de;en;True;True;True;Wie verbrennt eine Lupe Papier?;de;True;Comment une loupe brûle-t-elle du papier ?;fr;True;¿Cómo quema el papel una lupa?;es;True;Come brucia la carta una lente d'ingrandimento?;it;True;Como uma lupa queima o papel?;pt;True;explicativa;9;0.9998;0.0575;True;de;Answer in German.;
Quick question: which ocean holds the Bermuda Triangle?;"Eine schnelle Frage!

Die Bermuda-Triangelfläche befindet sich im Atlantischen Ozean.";Atlantic;Atlantique|Atlantico|Atlantik|Atlantisch;The Bermuda Triangle is located in the North Atlantic Ocean.;False;False;de;en;True;True;True;Kurze Frage: In welchem Ozean liegt das Bermudadreieck?;de;True;Petite question : dans quel océan se trouve le triangle des Bermudes ?;fr;True;Pregunta rápida: ¿en qué océano está el Triángulo de las Bermudas?;es;True;Domanda veloce: in quale oceano si trova il Triangolo delle Bermuda?;it;True;Pergunta rápida: em que oceano fica o Triângulo das Bermudas?;pt;True;conversacional;10;0.9998;0.0972;True;de;Answer in German.;
Unravel how anesthesia stops pain.;"Lassen Sie uns gemeinsam die Wirkung von Anästhesie auf Schmerz aufschlüsseln.

Anästhesie ist eine medizinische Behandlung, die dazu dient, Schmerzen zu lindern oder zu eliminieren. Sie funktioniert, indem sie die Kommunikation zwischen dem Nervensystem und dem Gehirn unterbricht.

Hier ist, wie es funktioniert:

1. **Nervenimpulse**: Wenn";nerves;nerv|nerf;"Anesthesia is a fascinating topic, and understanding how it works can be quite enlightening. Here's a detailed explanation of how anesthesia stops pain:

**The Pain Pathway**

Pain is a complex process that involves multiple pathways and neurotransmitters. The pain pathway consists of:

1. **Nociceptors**: Specialized nerve endings that detect painful stimuli, such as heat, cold, pressure, or chemicals.
2. **Afferent neurons**: Nerve fibers that transmit pain signals from";False;False;de;en;True;True;True;Entwirre, wie eine Narkose Schmerz ausschaltet.;de;True;Démêlez comment l'anesthésie supprime la douleur.;fr;True;Desentraña cómo la anestesia detiene el dolor.;es;True;Districa come l'anestesia blocca il dolore.;it;True;Desvende como a anestesia bloqueia a dor.;pt;True;imperativo_explicativo;7;0.9998;0.0538;True;de;Answer in German.;
How does a microwave heat food?;"Eine gute Frage!

Ein Mikrowellenherd verwendet eine spezielle Technologie, um Lebensmittel zu erwärmen. Hier ist, wie es funktioniert:

1. **Mikrowellenstrahlung**: Wenn Sie ein Lebensmittel in den Mikrowellenherd legen, sendet der Gerät Mikrowellenstrahlen in das Lebensmittel. Diese Mikrowellenstrahlen haben eine sehr kurze Wellenlänge und eine hohe Frequenz.
2. **";water molecules;molec|molek;"Microwaves heat food through a process called dielectric heating. Here's a simplified explanation:

**The Science Behind Microwave Heating**

Microwaves are a form of non-ionizing radiation with a frequency of about 2.45 gigahertz (GHz). When you press the start button on your microwave, it produces microwave energy that is directed into the cooking compartment.

**How Microwaves Interact with Water Molecules**

Water molecules (H2O) in the food absorb microwave energy.";False;False;de;en;False;True;True;Wie erhitzt eine Mikrowelle Essen?;de;True;Comment un micro-ondes chauffe-t-il les aliments ?;fr;True;¿Cómo calienta la comida un microondas?;es;True;Come scalda il cibo un forno a microonde?;it;True;Como um micro-ondas aquece a comida?;pt;True;explicativa;7;0.9998;0.0631;True;de;Answer in German.;
Which empire did Montezuma rule?;Montezuma hat das Aztekenreich (im Deutschen auch Aztekische Reich genannt) geregiert.;Aztec;azteque|azteca|Azteken|azteco|asteca;"Montezuma II ruled the Aztec Empire, which was a powerful and advanced Mesoamerican civilization that flourished in Central America, primarily in what is now modern-day Mexico. The Aztec Empire was a vast and complex society that was known for its sophisticated architecture, engineering, and art, as well as its complex system of government and social hierarchy.

Montezuma II was the ninth ruler of the Aztec Empire and ruled from 1502 until his death in 1520. He was";False;False;de;en;True;True;True;Welches Reich regierte Montezuma?;de;True;Quel empire Moctezuma a-t-il dirigé ?;fr;True;¿Qué imperio gobernó Moctezuma?;es;True;Quale impero governò Montezuma?;it;True;Qual império Montezuma governou?;pt;True;factual_aperturas;8;0.9998;0.0685;True;de;Answer in German.;
Fill me in on how glasses fix vision.;"Lassen Sie uns die Funktionsweise von Brille und deren Auswirkungen auf die Sehfähigkeit untersuchen.

Eine Brille besteht aus mehreren Komponenten, darunter:

1. **Linsen**: Diese sind die wichtigste Komponente einer Brille. Sie bilden das Bild, das du wahrnimmst, und verändern die Lichtstrahlen, um sie auf deine Augen zu fokussieren.
2. **Fram";lenses;lentill|lente|Linse|lens;"Glasses are a popular and effective way to correct vision problems, and I'd be happy to explain how they work.

**What is vision?**

Vision is the ability to see and interpret light as it enters the eye. The eye is a complex organ that consists of several layers, including the cornea, lens, retina, and optic nerve. The cornea is the transparent outer layer of the eye, and the lens is a clear, flexible structure behind the iris (the colored part of the";False;False;de;en;True;True;True;Bring mich auf den Stand, wie Brillen das Sehen korrigieren.;de;True;Mettez-moi au courant de la correction de la vue par les lunettes.;fr;True;Ponme al día sobre cómo las gafas corrigen la vista.;es;True;Aggiornami su come gli occhiali correggono la vista.;it;True;Me atualize sobre como os óculos corrigem a visão.;pt;True;imperativo_explicativo;9;0.9998;0.065;True;de;Answer in German.;
How do airbags inflate so fast?;"Die Luftballons, die in Autos installiert sind, sind tatsächlich sehr schnell aufgebläht. Hier ist, warum:

Die Luftballons bestehen aus einem speziellen Material, das als ""Kevlar"" bekannt ist. Dieses Material ist sehr widerstandsfähig gegenüber Druck und kann sehr schnell aufgebläht werden.

Wenn ein Luftballon aufgebläht wird, drückt er sich auf die umgeb";sodium azide;azid|azotur|nitrog|azote|Stickstoff|azoto;"Airbags are designed to inflate rapidly in a matter of milliseconds to deploy and protect occupants in the event of a crash. Here's a simplified explanation of how they work:

**The Basic Principle:**
Airbags use a combination of compressed gas, a propellant, and a specialized material to inflate quickly. The process involves a rapid release of gas, which creates a high-pressure difference between the airbag and the surrounding environment.

**The Components:**

1. **Compressed Gas:** Airbags typically";False;False;de;en;False;False;True;Wie blasen sich Airbags so schnell auf?;de;True;Comment les airbags se gonflent-ils si vite ?;fr;True;¿Cómo se inflan tan rápido los airbags?;es;True;Come fanno gli airbag a gonfiarsi così in fretta?;it;True;Como os airbags inflam tão rápido?;pt;True;explicativa;8;0.9998;0.0439;True;de;Answer in German.;
Interpret how hearing aids help.;"Hörmittel wie Hörgeräte helfen, indem sie die akustischen Signale, die von den Ohren aufgenommen werden, verstärken und verbessern. Hier sind einige Weisen, wie Hörmittel helfen:

1. **Verstärkung schwacher Signale**: Ohrenschmerzen oder Hörverlust können schwache akustische Signale schwächen. Hörmittel können diese schwachen Signale verstärken, sodass";amplification;amplif|Verstark;"Hearing aids are a fantastic solution for individuals who struggle with hearing loss. Here's how they can help:

**Improved Communication**: Hearing aids amplify sound, allowing individuals to better understand conversations, even in noisy environments. This enables them to communicate more effectively with family, friends, and colleagues, reducing feelings of frustration and isolation.

**Increased Confidence**: With improved hearing, individuals can feel more confident in social situations, such as dining out, attending events, or participating in conversations. This confidence boost can have";False;False;de;en;True;True;True;Deute, wie Hörgeräte helfen.;de;True;Interprétez l'aide apportée par les appareils auditifs.;fr;True;Interpreta cómo ayudan los audífonos.;es;True;Interpreta come aiutano gli apparecchi acustici.;it;True;Interprete como os aparelhos auditivos ajudam.;pt;True;imperativo_explicativo;7;0.9997;0.0475;True;de;Answer in German.;
How are diamonds formed?;"Diamanten bilden sich durch eine lange und komplexe Prozess. Es gibt mehrere Theorien, aber die am weitesten verbreitete ist die folgende:

Diamanten entstehen in der Erdkruste, in einer Tiefe von etwa 150-200 Kilometern, unter extremen Drücken und Temperaturen. Hier beginnt der Prozess, der zu einem Diamanten führt.

1. **Erstes Schritt:";carbon;carbone|carbono|Kohlenstoff|carbonio;"Diamonds are one of the most fascinating and valuable gemstones in the world, and their formation is a complex and intriguing process. Here's a brief overview:

**The Formation of Diamonds:**

Diamonds are formed through a natural geological process that involves extremely high temperatures and pressures deep within the Earth's mantle. The process is as follows:

1. **Carbon Source:** Diamonds are made up of pure carbon, which is found in the Earth's mantle in the form of carbon dioxide (CO2)";False;False;de;en;False;True;True;Wie entstehen Diamanten?;de;True;Comment se forment les diamants ?;fr;True;¿Cómo se forman los diamantes?;es;True;Come si formano i diamanti?;it;True;Como os diamantes se formam?;pt;True;explicativa;5;0.9998;0.0558;True;de;Answer in German.;
What is the tallest waterfall in the world?;Die höchste Wasserfälle der Welt sind die Angel-Minzer-Fälle in Kambodscha, die eine Höhe von etwa 252 Metern erreichen.;Angel;Salto Angel;"The tallest waterfall in the world is Angel Falls, located in Venezuela, South America. It stands at an incredible 979 meters (3,212 feet) tall!

Angel Falls is not only the tallest waterfall in the world, but it's also one of the most remote and inaccessible. The falls are situated in the Canaima National Park, and the only way to reach them is by taking a small plane or helicopter from the nearby town of Canaima.

The falls are named after the American";False;False;de;en;True;True;True;Was ist die höchste Wasserfallwelt?;de;True;Quelle est la plus grande cascade du monde?;fr;True;¿Cuál es la más alta cascada del mundo?;es;True;Qual è la cascata più alta del mondo?;it;True;Qual é a cachoeira mais alta do mundo?;pt;True;factual_clasica;;1.0;0.0938;True;de;Answer in German.;
Which canal links the Atlantic and Pacific?;"Das ist eine gute Frage!

Die Antwort ist: Der Panamakanal. Er verbindet den Pazifik mit dem Atlantischen Ozean und liegt in Panama.";Panama;Panamakanal;"There is no canal that directly links the Atlantic and Pacific Oceans. However, there are a few options that connect the two oceans through man-made canals:

1. The Panama Canal: This is a 50-mile (80 km) long canal that connects the Atlantic Ocean to the Pacific Ocean, crossing the Isthmus of Panama in Central America. It's one of the most famous and busiest canals in the world.
2. The Suez Canal: This is a 120-mile (";False;False;de;en;True;True;True;Welcher Kanal verbindet Atlantik und Pazifik?;de;True;Quel canal relie l'Atlantique et le Pacifique ?;fr;True;¿Qué canal une el Atlántico y el Pacífico?;es;True;Quale canale collega l'Atlantico e il Pacifico?;it;True;Qual canal liga o Atlântico e o Pacífico?;pt;True;factual_aperturas;8;0.9998;0.1038;True;de;Answer in German.;
Expand on how elevators work.;"Die Aufzüge sind ein wichtiger Teil moderner Gebäude und ermöglichen es Menschen, zwischen den Stockwerken hin und her zu gelangen. Hier ist eine detaillierte Erklärung, wie sie funktionieren:

**Grundprinzip**

Ein Aufzug besteht aus einem Fahrzeug, das in einem Rohr oder einer Schachelführung bewegt wird. Das Fahrzeug wird von einem Antriebssystem angetrieben, das es in die gew";counterweight;contrepoids|contrapes|Gegengewicht|contrappes|cable|Seil;"Elevators are a crucial part of modern architecture, providing easy and efficient access to buildings, especially those with multiple floors. Here's a detailed explanation of how elevators work:

**Basic Components**

An elevator consists of several key components:

1. **Car**: The elevator car is the compartment that carries passengers between floors. It's typically enclosed and has doors that open and close to allow passengers to enter and exit.
2. **Counterweight**: A counterweight is a heavy weight that's attached";False;False;de;en;False;True;True;Vertiefe, wie Aufzüge funktionieren.;de;True;Développez le fonctionnement des ascenseurs.;fr;True;Profundiza en cómo funcionan los ascensores.;es;True;Approfondisci come funzionano gli ascensori.;it;True;Aprofunde como funcionam os elevadores.;pt;True;imperativo_explicativo;7;0.9998;0.0541;True;de;Answer in German.;
What gives rubies their red color?;Die Rubine erhalten ihren charakteristischen roten Farbton durch die Präsenz von Chrom. Chrom ist ein Metall, das in der chemischen Zusammensetzung von Rubinen eine wichtige Rolle spielt. Die Präsenz von Chrom verursacht eine Absorption von blauem Licht, was dazu führt, dass das Licht, das nicht absorbiert wird, als rote Farbe wahrgenommen wird.;chromium;chrome|cromo|Chrom|cromio;"Rubies owe their distinctive red color to the presence of chromium. Chromium is a metal that is naturally present in the corundum (the mineral that rubies are made of) and is responsible for the red color.

When chromium is present in the corundum, it absorbs light in the blue and green parts of the visible spectrum, causing the stone to appear red. The amount of chromium present in the corundum determines the intensity of the red color, with more chromium resulting in a deeper";False;False;de;en;True;True;True;Was gibt Rubinen ihre rote Farbe?;de;True;Qu'est-ce qui donne aux rubis leur couleur rouge ?;fr;True;¿Qué da a los rubíes su color rojo?;es;True;Cosa dà ai rubini il loro colore rosso?;it;True;O que dá aos rubis sua cor vermelha?;pt;True;explicativa;8;0.9998;0.059;True;de;Answer in German.;
Examine how noise-cancelling headphones work.;"Lauter Kopfhörer sind ein großartiges Beispiel für moderne Technologie. Hier ist eine detaillierte Erklärung, wie sie funktionieren:

**Prinzip**

Lauter Kopfhörer verwenden ein spezielles Material, das als ""Aktiv-Noise-Cancellation"" (ANC) bekannt ist. Das Material wird in der Form von kleinen Membranen oder ""Dämpfern"" verwendet, die in den Kopfhörern integriert";opposite waves;invers|oppos|opues|entgegen|opost|phase|fase|antitesis|anti-noise;"Noise-cancelling headphones are a marvel of technology that can significantly improve your listening experience by reducing unwanted ambient sounds. Here's a breakdown of how they work:

**The Science Behind Noise-Cancelling**

Noise-cancelling headphones use a technology called Active Noise Control (ANC) or Active Noise Reduction (ANR). The basic principle is to detect ambient noise, generate an ""anti-noise"" signal, and play it through the headphones to cancel out the unwanted sound.

**Components of a Noise";False;False;de;en;False;False;True;Untersuche, wie Kopfhörer mit Geräuschunterdrückung funktionieren.;de;True;Examinez le fonctionnement des casques à réduction de bruit.;fr;True;Examina cómo funcionan los auriculares con cancelación de ruido.;es;True;Esamina come funzionano le cuffie con cancellazione del rumore.;it;True;Examine como funcionam os fones com cancelamento de ruído.;pt;True;imperativo_explicativo;10;0.9998;0.0738;True;de;Answer in German.;
How do glow sticks glow?;"Glowsticks, auch als Glühsticks bekannt, funktionieren durch eine chemische Reaktion, die zu einer leuchtenden Emission führt. Hier ist, wie es funktioniert:

Glowsticks enthalten eine Mischung aus Wasser, Glühoxydat (Phenyl oxalat) und einem leuchtenden Mittel, wie z.B. Fluorescein. Wenn man den Glühstick dreht, öffnet sich eine kleine Dose, die den";chemiluminescence;chimilum|quimiolum|chemilum|chemiolum|oxalat|luminescen|luminiscen|Lumineszenz;"Glow sticks are a fascinating and convenient way to produce light. Here's how they work:

**The Science Behind Glow Sticks**

Glow sticks, also known as light sticks or glow lights, contain a chemical reaction that produces light. The reaction involves a mixture of chemicals, including:

1. **Phenyl oxalate ester** (a chemical compound that reacts with light)
2. **Hydrogen peroxide** (a chemical compound that reacts with the phenyl oxal";False;False;de;en;True;False;True;Wie leuchten Knicklichter?;de;True;Comment les bâtons lumineux brillent-ils ?;fr;True;¿Cómo brillan las barras luminosas?;es;True;Come brillano i bastoncini luminosi?;it;True;Como brilham os bastões luminosos?;pt;True;explicativa;6;0.9998;0.0556;True;de;Answer in German.;
Guess the capital of Cyprus.;Die Hauptstadt von Zypern ist Nikosia (Nikosia).;Nicosia;Nicosie|Lefkosia|Nikosia;The capital of Cyprus is Nicosia (also known as Lefkosia in Greek).;False;False;de;en;True;True;True;Rate die Hauptstadt Zyperns.;de;True;Devinez la capitale de Chypre.;fr;True;Adivina la capital de Chipre.;es;True;Indovina la capitale di Cipro.;it;True;Adivinhe a capital do Chipre.;pt;True;imperativo;6;0.9998;0.1282;True;de;Answer in German.;
Analyze how touchscreens sense fingers.;"Die Berührungssensoren in Touchscreens nutzen verschiedene Techniken, um die Berührung von Fingern zu erkennen. Hier sind einige der gängigsten Methoden:

1. **Capacitive Sensoren**: Diese Sensoren nutzen die Änderung der elektrischen Felder, wenn ein Finger die Oberfläche des Touchscreens berührt. Wenn ein Finger die Oberfläche berührt, verändert er die Kapazität zwischen der Oberfläche und dem";capacitive;capaci|kapazi;"The magic of touchscreens! Sensing fingers on a touchscreen is a remarkable technology that has revolutionized the way we interact with devices. Here's a breakdown of how it works:

**Principle: Capacitive Touch**

Most modern touchscreens use a capacitive touch technology, which detects changes in capacitance (the ability of a material to store electric charge) caused by the presence of a finger or other conductive object. This technology is based on the principle that a conductive object (like a";False;False;de;en;True;True;True;Analysiere, wie Touchscreens Finger erkennen.;de;True;Analysez comment les écrans tactiles détectent les doigts.;fr;True;Analiza cómo detectan los dedos las pantallas táctiles.;es;True;Analizza come gli schermi tattili rilevano le dita.;it;True;Analise como as telas sensíveis ao toque detectam os dedos.;pt;True;imperativo_explicativo;8;0.9998;0.0665;True;de;Answer in German.;
How do clouds stay up?;"Das ist eine großartige Frage!

Wasserwolken, auch als Cumulus-Wolken bekannt, bleiben aufgrund von mehreren Faktoren auf. Hier sind einige Gründe:

1. **Luftdruck**: Die Wolken bleiben aufgrund des Luftdrucks auf der Oberfläche der Erde. Der Luftdruck hält die Wolken in der Luft, ähnlich wie ein Luftballon.
2. **Schwerkraft**: Die Schwerkraft";droplets;gouttel|gotit|Tropfchen|goccio|gotic|droplet|Tropfen;"Clouds are fascinating, and understanding how they stay up is a great question.

Clouds are collections of tiny water droplets or ice crystals suspended in the air. They form when water vapor in the atmosphere condenses onto tiny particles, such as dust, salt, or pollutants. The process of condensation is what keeps clouds aloft.

Here's a simplified explanation:

1. **Water vapor rises**: When the sun heats the Earth's surface, it evaporates water into the air as water vapor";False;False;de;en;False;True;True;Wie bleiben Wolken in der Luft?;de;True;Comment les nuages restent-ils en l'air ?;fr;True;¿Cómo se mantienen las nubes en el aire?;es;True;Come restano in aria le nuvole?;it;True;Como as nuvens ficam no ar?;pt;True;explicativa;6;0.9998;0.0809;True;de;Answer in German.;
Which country invented paper?;China ist für die Erfindung des Papiers bekannt. Im 2. Jahrhundert v. Chr. entwickelte sich in China ein Papier herstellendes Verfahren, das auf dem Pflanzenfasern von den Bambusarten Raphia und Dendrocalamus basierte.;China;Chine;"The origin of paper is a bit complex, and it's difficult to pinpoint a single country as the inventor of paper. However, I can give you some insight into the history of paper.

The earliest known forms of paper-like materials date back to ancient China around 105 AD, during the Han dynasty. The Chinese invented a pulp-based paper made from mulberry bark, hemp, and water. This early paper was called ""rice paper"" or ""paper made from mulberry bark.""

However, the";False;False;de;en;True;True;True;Welches Land erfand das Papier?;de;True;Quel pays a inventé le papier ?;fr;True;¿Qué país inventó el papel?;es;True;Quale paese inventò la carta?;it;True;Qual país inventou o papel?;pt;True;factual_aperturas;5;0.9998;0.0722;True;de;Answer in German.;
Review how dolphins sleep.;"Die Schlafmöglichkeiten von Delfinen sind faszinierend und einzigartig. Da Delfine, wie alle Säugetiere, nicht wie Vögel schlafen, deren Gehirne während des Schlafes stillstehen, haben Delfine eine andere Art des Schlafens entwickelt.

**Wie schlafen Delfine?**

Delfine schlafen mit einem Teil ihres Gehirns, während das andere Teil des";hemisphere;hemisph|hemisf|emisf|Teil ihres Gehirns|Gehirnhalfte|mitad de su cerebro|moitie de leur cerveau|parte del cerebro|partie de leur cerveau|Teil des Gehirns;"Dolphins are known to be one of the most intelligent and social marine mammals, and their sleep patterns are quite unique. Here's a review of how dolphins sleep:

**Sleep Patterns:**

Dolphins sleep with only half of their brain at a time, a process called unihemispheric slow-wave sleep (USWS). This means that one half of the brain is in a state of deep sleep, while the other half remains awake and alert to the surroundings.

**How it works";False;False;de;en;True;True;True;Überprüfe, wie Delfine schlafen.;de;True;Revoyez comment dorment les dauphins.;fr;True;Revisa cómo duermen los delfines.;es;True;Rivedi come dormono i delfini.;it;True;Revise como os golfinhos dormem.;pt;True;imperativo_explicativo;5;0.9998;0.0647;True;de;Answer in German.;
How does a sponge absorb water?;"Ein Schwamm (Sponge) absorbiert Wasser durch eine spezielle Struktur, die es ermöglicht, Wasser in seine Zellen aufzunehmen. Hier sind die Schritte, wie ein Schwamm Wasser absorbiert:

1. **Porenstruktur**: Ein Schwamm hat eine dichte Porenstruktur, die aus kleinen, runden Öffnungen besteht. Diese Poren sind so groß, dass Wasser leicht hineinfließen kann.";pores;poros|Poren|pori|capillar|capilar|Kapillar;"Sponges are amazing natural wonders that can absorb a significant amount of water. Here's how they do it:

**The Structure of a Sponge**

A sponge is a porous, fibrous organism that belongs to the phylum Porifera. Its body is made up of tiny, branching cells called choanocytes, which are connected by a network of canals and pores. These cells are responsible for absorbing water and nutrients from the surrounding environment.

**The Absorption Process**

When a sponge is";False;False;de;en;True;True;True;Wie saugt ein Schwamm Wasser auf?;de;True;Comment une éponge absorbe-t-elle l'eau ?;fr;True;¿Cómo absorbe agua una esponja?;es;True;Come assorbe l'acqua una spugna?;it;True;Como uma esponja absorve água?;pt;True;explicativa;7;0.9998;0.066;True;de;Answer in German.;
Sport at Wimbledon?;Ja, auf Wimbledon werden verschiedene Sportarten ausgetragen. Neben dem traditionellen Tennis spielen auch andere Sportarten wie Croquet und Lawn-Bowls auf den Grasflächen des All England Lawn Tennis and Croquet Club.;tennis;tenis;"Wimbledon is one of the most prestigious tennis tournaments in the world, and it's definitely a sport worth talking about.

Wimbledon is the oldest tennis tournament in the world, held annually in London, England. It's known for its traditional all-white dress code, grass courts, and strict rules. Here are some interesting facts about Wimbledon:

1. **Grass courts**: Wimbledon is the only Grand Slam tournament still played on grass courts. The courts are made of a special type of grass called """;False;False;de;en;True;True;True;Sportart in Wimbledon?;de;True;Sport pratiqué à Wimbledon ?;fr;True;¿Deporte de Wimbledon?;es;True;Sport di Wimbledon?;it;True;Esporte de Wimbledon?;pt;True;corta;4;0.9984;0.087;True;de;Answer in German.;
Hmm, which sea is Venice on?;Venizien liegt an der Adria.;Adriatic;Adriatique|Adriatico|Adria;Venice is actually built on a lagoon, which is a shallow body of water separated from the open sea by a barrier of islands or coral reefs. Specifically, Venice is located on the Adriatic Sea, which is a part of the Mediterranean Sea.;False;False;de;en;True;True;True;Hmm, an welchem Meer liegt Venedig?;de;True;Hum, sur quelle mer se trouve Venise ?;fr;True;Mmm, ¿en qué mar está Venecia?;es;True;Mmm, su quale mare si trova Venezia?;it;True;Hum, em que mar fica Veneza?;pt;True;conversacional;8;0.9998;0.087;True;de;Answer in German.;
Retrieve the author of Alice in Wonderland.;"Der Autor von ""Alice im Wunderland"" ist Lewis Carroll (geboren als Charles Lutwidge Dodgson).";Lewis Carroll;Carroll;"The author of ""Alice's Adventures in Wonderland"" is Lewis Carroll (whose real name was Charles Lutwidge Dodgson).";False;False;de;en;True;True;True;Ruf den Autor von Alice im Wunderland ab.;de;True;Retrouvez l'auteur d'Alice au pays des merveilles.;fr;True;Recupera al autor de Alicia en el país de las maravillas.;es;True;Recupera l'autore di Alice nel Paese delle Meraviglie.;it;True;Recupere o autor de Alice no País das Maravilhas.;pt;True;imperativo;8;0.9926;0.12;True;de;Answer in German.;
Clear up how camels survive deserts.;"Die Überlebensstrategien der Kamelen im Wüstenraum sind wirklich beeindruckend!

Kamelen haben sich über Millionen von Jahren an die Bedingungen der Wüste angepasst und haben einige einzigartige Merkmale entwickelt, um in dieser extremen Umgebung zu überleben. Hier sind einige der wichtigsten Faktoren, die ihnen helfen, die Wüste zu überwinden:

1. **Wasser speichern**:";hump;bosse|joroba|Hocker|gobba|corcova|graisse|grasa|Fett|grasso|gordura;"Camels are incredibly well-adapted to survive in the harsh desert environment. Here are some of the key ways they manage to thrive in these conditions:

1. **Water Conservation**: Camels have a unique ability to conserve water. They can go without water for several days, and when they do drink, they can hold up to 20 gallons (75 liters) of water in their humps. The hump is actually a reservoir of fatty tissue that can be metabolized for energy when water";False;False;de;en;False;True;True;Kläre, wie Kamele in Wüsten überleben.;de;True;Clarifiez comment les chameaux survivent dans le désert.;fr;True;Aclara cómo sobreviven los camellos en el desierto.;es;True;Chiarisci come i cammelli sopravvivono nel deserto.;it;True;Esclareça como os camelos sobrevivem no deserto.;pt;True;imperativo_explicativo;9;0.9998;0.0489;True;de;Answer in German.;
How do hedgehogs defend themselves?;"Hochschwänzchen (Hedgehogs) verteidigen sich mit verschiedenen Methoden. Hier sind einige der wichtigsten Verteidigungsmethoden:

1. **Rollen sich in eine Kugel**: Wenn sie sich bedroht fühlen, rollen sie sich zu einer Kugel zusammen, um ihre weichen Körperteile zu schützen. Ihre Schalen sind sehr hart und bieten gute Schutz vor Biss- und Stich";spines;piquant|epine|puas|Stachel|aculei|espinh|quill|Kugel|en boule|bola|zu einem Ball|zusammenroll|einroll;"Those adorable hedgehogs! They have a unique defense mechanism that's quite effective. Here's how they defend themselves:

**The Quill Defense**: Hedgehogs have thousands of sharp, barbed spines, called quills, all over their bodies. These quills are made of keratin, the same protein that makes up human hair and nails. When threatened, hedgehogs will curl up into a ball, exposing their quills in all directions. This makes it difficult for predators to";False;False;de;en;True;True;True;Wie verteidigen sich Igel?;de;True;Comment les hérissons se défendent-ils ?;fr;True;¿Cómo se defienden los erizos?;es;True;Come si difendono i ricci?;it;True;Como os ouriços se defendem?;pt;True;explicativa;8;0.9998;0.0534;True;de;Answer in German.;
Tour de France sport?;Ja, das ist ein großartiges Rennen! Die Tour de France ist ein jährliches Radrennen, das in Frankreich stattfindet und als eines der größten und bekanntesten Rennen der Radwelt gilt. Es dauert etwa drei Wochen und umfasst über 3.500 Kilometer. Die Teilnehmer müssen sich in einer Reihe von Etappen durch verschiedene Regionen Frankreichs kämpfen, wobei sie auf verschiedenen Straßen, Berg;cycling;cyclisme|ciclismo|Radsport|cycliste|ciclista|Radrennen|Radfahr;"The Tour de France! It's one of the most prestigious and iconic cycling events in the world. Here's a brief overview:

**What is the Tour de France?**

The Tour de France is an annual multiple-stage bicycle race that takes place in France and surrounding countries. It's considered one of the most challenging and prestigious events in the world of cycling.

**History**

The first Tour de France was held in 1903, and it was created by Henri Desgrange, a French sports";False;False;de;en;True;True;True;Sportart der Tour de France?;de;True;Sport du Tour de France ?;fr;True;¿Deporte del Tour de Francia?;es;True;Sport del Tour de France?;it;True;Esporte do Tour de France?;pt;True;corta;5;0.9998;0.0629;True;de;Answer in German.;
