prompt;aliases_extra
On which continent is the Amazon rainforest located?;America del Sur|Sudamerica|Suramerica|Sudamerika|America do Sul|America meridionale
What is the capital of Iceland?;Reikiavik
Which is the largest country in the world by area?;Rusia|Russland
What is the capital of Cuba?;Habana|Havanna|Avana
Which river flows through Paris?;Sena
Which desert is the largest cold desert on Earth?;Antartid|Antarktis|Antartic
Which planet has the Great Red Spot?;Giove
What is the capital of Afghanistan?;Cabul
Who led the Macedonian empire and conquered Persia?;Alejandro|Alessandro
What is the largest moon of Jupiter?;Ganimede|Ganymed
Who wrote War and Peace?;Tolstoj
Who painted the ceiling of the Sistine Chapel?;Miguel Angel
What is the capital of France?;Parigi
Who wrote Crime and Punishment?;Dostojewski|Dostoyevski|Dostoevskij|Dostoievskij
What is the capital of Iraq?;Bagda
What is the capital of Portugal?;Lisboa|Lissabon|Lisbona
Which is the deepest lake in the world?;Baical|Bajkal
Who was the Carthaginian general who crossed the Alps?;Anibal|Annibale
What is the powerhouse of the cell?;mitocondri|mitochondri
Which galaxy contains our Solar System?;Via Lactea|Via Lattea|Milchstrasse|Milchstraße
Which ice giant orbits between Saturn and Neptune?;Urano
What is the capital of the Philippines?;Manilha
Which planet is the largest in the Solar System?;Giove
What is the capital of Slovenia?;Lubiana|Liubliana
Who composed The Rite of Spring?;Strawinsk|Stravinskij
Who wrote The Odyssey?;Homero|Omero
What gas makes up about 78 percent of Earth's atmosphere?;Stickstoff|azoto
What is the name of Earth's only natural satellite?;Luna|Mond
What is the capital of Sudan?;Jartum|Khartum|Cartum
What is the capital of Croatia?;Zagabria
Who composed The Nutcracker?;Chaikovsk|Tschaikow|Tschajkow|Ciaikovsk|Ciajkovsk|Tchaikovsk
What is the capital of the United Kingdom?;Londra
What is the capital of Denmark?;Kopenhagen|Copenaghen|Copenhaga
What is the speed of light in vacuum in kilometers per second, rounded?;300.000|300,000|299 792|299.792|299,792|299792|299,79|299.79
What is the capital of South Korea?;Séoul|Seúl|Seul
What is the largest organ of the human body?;piel|Haut|pelle|pele
What is the capital of Indonesia?;Yakarta|Giacarta|Jacarta|Djakarta
