prompt;prompt_es;prompt_de;prompt_fr
Capital of Japan?;¿Capital de Japón?;Hauptstadt von Japan?;Capitale du Japon ?
Capital of South Africa?;¿Capital de Sudáfrica?;Hauptstadt von Südafrika?;Capitale de l'Afrique du Sud ?
Capital of Mozambique?;¿Capital de Mozambique?;Hauptstadt von Mosambik?;Capitale du Mozambique ?
Capital of Madagascar?;¿Capital de Madagascar?;Hauptstadt von Madagaskar?;Capitale de Madagascar ?
Capital of Namibia?;¿Capital de Namibia?;Hauptstadt von Namibia?;Capitale de la Namibie ?
Capital of Botswana?;¿Capital de Botsuana?;Hauptstadt von Botswana?;Capitale du Botswana ?
Capital of Zambia?;¿Capital de Zambia?;Hauptstadt von Sambia?;Capitale de la Zambie ?
Capital of Rwanda?;¿Capital de Ruanda?;Hauptstadt von Ruanda?;Capitale du Rwanda ?
Capital of Angola?;¿Capital de Angola?;Hauptstadt von Angola?;Capitale de l'Angola ?
Capital of Somalia?;¿Capital de Somalia?;Hauptstadt von Somalia?;Capitale de la Somalie ?
Capital of Bhutan?;¿Capital de Bután?;Hauptstadt von Bhutan?;Capitale du Bhoutan ?
Capital of North Korea?;¿Capital de Corea del Norte?;Hauptstadt von Nordkorea?;Capitale de la Corée du Nord ?
Capital of Taiwan?;¿Capital de Taiwán?;Hauptstadt von Taiwan?;Capitale de Taïwan ?
Capital of Uzbekistan?;¿Capital de Uzbekistán?;Hauptstadt von Usbekistan?;Capitale de l'Ouzbékistan ?
Capital of Kyrgyzstan?;¿Capital de Kirguistán?;Hauptstadt von Kirgisistan?;Capitale du Kirghizistan ?
Capital of Oman?;¿Capital de Omán?;Hauptstadt von Oman?;Capitale d'Oman ?
Capital of Yemen?;¿Capital de Yemen?;Hauptstadt des Jemen?;Capitale du Yémen ?
Capital of Moldova?;¿Capital de Moldavia?;Hauptstadt der Republik Moldau?;Capitale de la Moldavie ?
Capital of Bosnia?;¿Capital de Bosnia?;Hauptstadt von Bosnien?;Capitale de la Bosnie ?
Capital of North Macedonia?;¿Capital de Macedonia del Norte?;Hauptstadt von Nordmazedonien?;Capitale de la Macédoine du Nord ?
Capital of Montenegro?;¿Capital de Montenegro?;Hauptstadt von Montenegro?;Capitale du Monténégro ?
Capital of Liechtenstein?;¿Capital de Liechtenstein?;Hauptstadt von Liechtenstein?;Capitale du Liechtenstein ?
Capital of Scotland?;¿Capital de Escocia?;Hauptstadt von Schottland?;Capitale de l'Écosse ?
Capital of Wales?;¿Capital de Gales?;Hauptstadt von Wales?;Capitale du pays de Galles ?
Capital of Haiti?;¿Capital de Haití?;Hauptstadt von Haiti?;Capitale d'Haïti ?
Capital of Honduras?;¿Capital de Honduras?;Hauptstadt von Honduras?;Capitale du Honduras ?
Capital of Nicaragua?;¿Capital de Nicaragua?;Hauptstadt von Nicaragua?;Capitale du Nicaragua ?
Capital of Costa Rica?;¿Capital de Costa Rica?;Hauptstadt von Costa Rica?;Capitale du Costa Rica ?
Capital of Fiji?;¿Capital de Fiyi?;Hauptstadt von Fidschi?;Capitale des Fidji ?
Capital of Tajikistan?;¿Capital de Tayikistán?;Hauptstadt von Tadschikistan?;Capitale du Tadjikistan ?
Capital of Cameroon?;¿Capital de Camerún?;Hauptstadt von Kamerun?;Capitale du Cameroun ?
Capital of Bahrain?;¿Capital de Baréin?;Hauptstadt von Bahrain?;Capitale de Bahreïn ?
Capital of Mali?;¿Capital de Malí?;Hauptstadt von Mali?;Capitale du Mali ?
Capital of the UAE?;¿Capital de los EAU?;Hauptstadt der VAE?;Capitale des EAU ?
Symbol for nickel?;¿Símbolo del níquel?;Symbol für Nickel?;Symbole du nickel ?
Symbol for lithium?;¿Símbolo del litio?;Symbol für Lithium?;Symbole du lithium ?
Symbol for argon?;¿Símbolo del argón?;Symbol für Argon?;Symbole de l'argon ?
Symbol for bismuth?;¿Símbolo del bismuto?;Symbol für Bismut?;Symbole du bismuth ?
Symbol for strontium?;¿Símbolo del estroncio?;Symbol für Strontium?;Symbole du strontium ?
Symbol for barium?;¿Símbolo del bario?;Symbol für Barium?;Symbole du baryum ?
Symbol for xenon?;¿Símbolo del xenón?;Symbol für Xenon?;Symbole du xénon ?
Symbol for manganese?;¿Símbolo del manganeso?;Symbol für Mangan?;Symbole du manganèse ?
Symbol for krypton?;¿Símbolo del kriptón?;Symbol für Krypton?;Symbole du krypton ?
Author of Emma?;¿Autor de Emma?;Autor von Emma?;Auteur d'Emma ?
Author of Lolita?;¿Autor de Lolita?;Autor von Lolita?;Auteur de Lolita ?
Author of Candide?;¿Autor de Cándido?;Autor von Candide?;Auteur de Candide ?
Author of Siddhartha?;¿Autor de Siddhartha?;Autor von Siddhartha?;Auteur de Siddhartha ?
Author of The Raven?;¿Autor de El cuervo?;Autor von Der Rabe?;Auteur du Corbeau ?
Author of Dune?;¿Autor de Dune?;Autor von Dune?;Auteur de Dune ?
Author of Walden?;¿Autor de Walden?;Autor von Walden?;Auteur de Walden ?
Author of Beloved?;¿Autor de Beloved?;Autor von Menschenkind?;Auteur de Beloved ?
Author of The Stranger?;¿Autor de El extranjero?;Autor von Der Fremde?;Auteur de L'Étranger ?
Composer of Aida?;¿Compositor de Aida?;Komponist von Aida?;Compositeur d'Aida ?
Composer of Tosca?;¿Compositor de Tosca?;Komponist von Tosca?;Compositeur de Tosca ?
Composer of Messiah?;¿Compositor de El Mesías?;Komponist des Messias?;Compositeur du Messie ?
Composer of La Mer?;¿Compositor de La Mer?;Komponist von La Mer?;Compositeur de La Mer ?
Composer of The Moldau?;¿Compositor de El Moldava?;Komponist der Moldau?;Compositeur de La Moldau ?
Composer of Peer Gynt?;¿Compositor de Peer Gynt?;Komponist von Peer Gynt?;Compositeur de Peer Gynt ?
Composer of Parsifal?;¿Compositor de Parsifal?;Komponist von Parsifal?;Compositeur de Parsifal ?
Painter of American Gothic?;¿Pintor de American Gothic?;Maler von American Gothic?;Peintre d'American Gothic ?
Painter of The Angelus?;¿Pintor de El Ángelus?;Maler des Angelusgebets?;Peintre de L'Angélus ?
Painter of The Great Wave?;¿Pintor de La gran ola?;Maler von Die große Welle?;Peintre de La Grande Vague ?
Painter of Nighthawks?;¿Pintor de Nighthawks?;Maler von Nighthawks?;Peintre de Nighthawks ?
Painter of Olympia?;¿Pintor de Olympia?;Maler von Olympia?;Peintre d'Olympia ?
Lightning rod inventor?;¿Inventor del pararrayos?;Erfinder des Blitzableiters?;Inventeur du paratonnerre ?
Steam engine inventor?;¿Inventor de la máquina de vapor?;Erfinder der Dampfmaschine?;Inventeur de la machine à vapeur ?
Mercury thermometer inventor?;¿Inventor del termómetro de mercurio?;Erfinder des Quecksilberthermometers?;Inventeur du thermomètre à mercure ?
Father of genetics?;¿Padre de la genética?;Vater der Genetik?;Père de la génétique ?
Father of geometry?;¿Padre de la geometría?;Vater der Geometrie?;Père de la géométrie ?
Father of medicine?;¿Padre de la medicina?;Vater der Medizin?;Père de la médecine ?
Father of history?;¿Padre de la historia?;Vater der Geschichtsschreibung?;Père de l'histoire ?
Largest Mediterranean island?;¿Mayor isla del Mediterráneo?;Größte Mittelmeerinsel?;Plus grande île de la Méditerranée ?
Tallest mountain in Europe?;¿Montaña más alta de Europa?;Höchster Berg Europas?;Plus haute montagne d'Europe ?
Longest river in Asia?;¿Río más largo de Asia?;Längster Fluss Asiens?;Plus long fleuve d'Asie ?
Largest country in Africa?;¿País más grande de África?;Größtes Land Afrikas?;Plus grand pays d'Afrique ?
Longest river in Australia?;¿Río más largo de Australia?;Längster Fluss Australiens?;Plus long fleuve d'Australie ?
Largest US state?;¿Estado más grande de EE. UU.?;Größter US-Bundesstaat?;Plus grand État des États-Unis ?
Smallest US state?;¿Estado más pequeño de EE. UU.?;Kleinster US-Bundesstaat?;Plus petit État des États-Unis ?
Largest city in Canada?;¿Ciudad más grande de Canadá?;Größte Stadt Kanadas?;Plus grande ville du Canada ?
Largest city in Brazil?;¿Ciudad más grande de Brasil?;Größte Stadt Brasiliens?;Plus grande ville du Brésil ?
Largest city in Turkey?;¿Ciudad más grande de Turquía?;Größte Stadt der Türkei?;Plus grande ville de Turquie ?
Largest city in Morocco?;¿Ciudad más grande de Marruecos?;Größte Stadt Marokkos?;Plus grande ville du Maroc ?
Fastest fish?;¿Pez más rápido?;Schnellster Fisch?;Poisson le plus rapide ?
Largest reptile?;¿Reptil más grande?;Größtes Reptil?;Plus grand reptile ?
Tallest tree species?;¿Especie de árbol más alta?;Höchste Baumart?;Espèce d'arbre la plus haute ?
Largest fish?;¿Pez más grande?;Größter Fisch?;Plus grand poisson ?
Slowest mammal?;¿Mamífero más lento?;Langsamstes Säugetier?;Mammifère le plus lent ?
National bird of the US?;¿Ave nacional de EE. UU.?;Nationalvogel der USA?;Oiseau national des États-Unis ?
Hardest human tissue?;¿Tejido humano más duro?;Härtestes menschliches Gewebe?;Tissu humain le plus dur ?
Universal recipient blood type?;¿Grupo sanguíneo receptor universal?;Blutgruppe des Universalempfängers?;Groupe sanguin receveur universel ?
Author of Rebecca?;¿Autor de Rebeca?;Autor von Rebecca?;Auteur de Rebecca ?
Capital of Gambia?;¿Capital de Gambia?;Hauptstadt von Gambia?;Capitale de la Gambie ?
Symbol for gallium?;¿Símbolo del galio?;Symbol für Gallium?;Symbole du gallium ?
Capital of Chad?;¿Capital de Chad?;Hauptstadt des Tschad?;Capitale du Tchad ?
Currency of Switzerland?;¿Moneda de Suiza?;Währung der Schweiz?;Monnaie de la Suisse ?
Currency of India?;¿Moneda de la India?;Währung Indiens?;Monnaie de l'Inde ?
Currency of Mexico?;¿Moneda de México?;Währung Mexikos?;Monnaie du Mexique ?
Currency of Russia?;¿Moneda de Rusia?;Währung Russlands?;Monnaie de la Russie ?
Sport at Wimbledon?;¿Deporte de Wimbledon?;Sportart in Wimbledon?;Sport pratiqué à Wimbledon ?
Tour de France sport?;¿Deporte del Tour de Francia?;Sportart der Tour de France?;Sport du Tour de France ?
